name,address,date_of_birth,description
Mary Carroll,"863 Benjamin Forest Apt. 693
Wheelerburgh, KS 62644",1968-05-23,"Mary Carroll, born on 1968-05-23, currently resides at 863 Benjamin Forest Apt. 693
Wheelerburgh, KS 62644."
Danielle Blankenship,"USCGC Rodriguez
FPO AE 20503",1975-02-26,"Danielle Blankenship, born on 1975-02-26, currently resides at USCGC Rodriguez
FPO AE 20503."
Jonathan Giles,"64431 Nancy Square Suite 730
Jonathanchester, AL 83836",1910-02-13,"Jonathan Giles, born on 1910-02-13, currently resides at 64431 Nancy Square Suite 730
Jonathanchester, AL 83836."
William Leonard,"Unit 0978 Box 6659
DPO AP 19869",1957-07-27,"William Leonard, born on 1957-07-27, currently resides at Unit 0978 Box 6659
DPO AP 19869."
Gordon Weiss,"577 Moreno Circle Suite 224
Duncanstad, AZ 48563",1992-10-27,"Gordon Weiss, born on 1992-10-27, currently resides at 577 Moreno Circle Suite 224
Duncanstad, AZ 48563."
Haley Davis,"3594 Joshua Brooks
West Wendy, AL 57390",1945-07-27,"Haley Davis, born on 1945-07-27, currently resides at 3594 Joshua Brooks
West Wendy, AL 57390."
Kurt Espinoza,"34587 Stone Centers Apt. 638
Michellestad, MT 39767",1973-05-30,"Kurt Espinoza, born on 1973-05-30, currently resides at 34587 Stone Centers Apt. 638
Michellestad, MT 39767."
Holly Nunez,"6556 Robert Fall Apt. 167
Crosshaven, MN 56819",1960-02-28,"Holly Nunez, born on 1960-02-28, currently resides at 6556 Robert Fall Apt. 167
Crosshaven, MN 56819."
,"6911 Madeline Freeway Apt. 475
Lake Norma, FL 16140",1995-08-02,"nan, born on 1995-08-02, currently resides at 6911 Madeline Freeway Apt. 475
Lake Norma, FL 16140."
Robert Winters,"PSC 4754, Box 0419
APO AP 36496",1966-03-14,"Robert Winters, born on 1966-03-14, currently resides at PSC 4754, Box 0419
APO AP 36496."
Johnny Wilson,"1461 Lisa Oval
Meganport, WI 92270",2019-02-22,"Johnny Wilson, born on 2019-02-22, currently resides at 1461 Lisa Oval
Meganport, WI 92270."
Stephanie Coleman,"102 Brent Stravenue
Port Kellybury, HI 02078",1980-10-26,"Stephanie Coleman, born on 1980-10-26, currently resides at 102 Brent Stravenue
Port Kellybury, HI 02078."
David Perkins,"753 Simpson Falls Apt. 641
Alexanderfurt, MI 71666",1944-03-25,"David Perkins, born on 1944-03-25, currently resides at 753 Simpson Falls Apt. 641
Alexanderfurt, MI 71666."
Kristy Johnson,"43229 Nicholas Squares
Alyssaville, MO 86355",1973-01-07,"Kristy Johnson, born on 1973-01-07, currently resides at 43229 Nicholas Squares
Alyssaville, MO 86355."
Dwayne Baker,"Unit 6348 Box 9974
DPO AE 69219",1915-04-05,"Dwayne Baker, born on 1915-04-05, currently resides at Unit 6348 Box 9974
DPO AE 69219."
David Nelson,"71513 Chen Summit Suite 639
Joshuashire, MI 99696",1914-12-15,"David Nelson, born on 1914-12-15, currently resides at 71513 Chen Summit Suite 639
Joshuashire, MI 99696."
Jimmy Clayton,"PSC 2545, Box 6738
APO AA 18207",1991-02-15,"Jimmy Clayton, born on 1991-02-15, currently resides at PSC 2545, Box 6738
APO AA 18207."
Catherine Hamilton,"526 Theresa Underpass
Williamshire, DC 24752",1974-02-24,"Catherine Hamilton, born on 1974-02-24, currently resides at 526 Theresa Underpass
Williamshire, DC 24752."
Miguel Cabrera,"951 Elizabeth Radial Suite 273
Leslieburgh, SC 48571",2001-08-26,"Miguel Cabrera, born on 2001-08-26, currently resides at 951 Elizabeth Radial Suite 273
Leslieburgh, SC 48571."
Elizabeth Nguyen,"600 Aguirre Drive
New Frances, NC 89959",1986-10-14,"Elizabeth Nguyen, born on 1986-10-14, currently resides at 600 Aguirre Drive
New Frances, NC 89959."
Brittany Brown,"466 Mckinney Throughway Apt. 863
Duncanside, OR 88138",1939-02-25,"Brittany Brown, born on 1939-02-25, currently resides at 466 Mckinney Throughway Apt. 863
Duncanside, OR 88138."
Jessica Graham,"13009 Mary Ramp
East Kristabury, NJ 15093",2011-06-09,"Jessica Graham, born on 2011-06-09, currently resides at 13009 Mary Ramp
East Kristabury, NJ 15093."
Raymond Willis,"221 Dana Shore
Danaland, NM 89941",2018-05-07,"Raymond Willis, born on 2018-05-07, currently resides at 221 Dana Shore
Danaland, NM 89941."
Billy Garcia,"40359 Crawford Prairie Apt. 079
Youngfurt, IL 52574",2015-07-14,"Billy Garcia, born on 2015-07-14, currently resides at 40359 Crawford Prairie Apt. 079
Youngfurt, IL 52574."
Pamela Parker,"7379 John Via Apt. 182
Bergerport, FL 12115",1944-07-04,"Pamela Parker, born on 1944-07-04, currently resides at 7379 John Via Apt. 182
Bergerport, FL 12115."
Andre Hernandez,"828 Alicia Hills
Port Taylorstad, LA 33896",1998-08-15,"Andre Hernandez, born on 1998-08-15, currently resides at 828 Alicia Hills
Port Taylorstad, LA 33896."
Kathleen Jarvis,"2882 David Shore Apt. 466
East Chelseafort, AZ 88510",,"Kathleen Jarvis, born on nan, currently resides at 2882 David Shore Apt. 466
East Chelseafort, AZ 88510."
Shelley Johnson,"8927 Collins Prairie Suite 932
West Jeffreybury, DC 59274",1988-02-17,"Shelley Johnson, born on 1988-02-17, currently resides at 8927 Collins Prairie Suite 932
West Jeffreybury, DC 59274."
Martha Mckinney,"69840 Hansen Underpass Suite 757
Lisaland, TX 08533",1921-04-18,"Martha Mckinney, born on 1921-04-18, currently resides at 69840 Hansen Underpass Suite 757
Lisaland, TX 08533."
Jaime Lopez,"94388 Vargas Ways
East David, IN 17556",1933-04-30,"Jaime Lopez, born on 1933-04-30, currently resides at 94388 Vargas Ways
East David, IN 17556."
Karen Carter,"36927 Bailey Falls Apt. 671
Christinaside, WI 91086",1907-12-23,"Karen Carter, born on 1907-12-23, currently resides at 36927 Bailey Falls Apt. 671
Christinaside, WI 91086."
Paul Johnson,"650 Stewart Loop Apt. 991
Nathanielville, TN 22247",2016-04-02,"Paul Johnson, born on 2016-04-02, currently resides at 650 Stewart Loop Apt. 991
Nathanielville, TN 22247."
Helen Carpenter,"775 Molina Islands Apt. 929
Port Virginiaton, OH 32484",1923-02-08,"Helen Carpenter, born on 1923-02-08, currently resides at 775 Molina Islands Apt. 929
Port Virginiaton, OH 32484."
Laurie Smith,"PSC 0373, Box 9161
APO AP 45047",2006-09-12,"Laurie Smith, born on 2006-09-12, currently resides at PSC 0373, Box 9161
APO AP 45047."
,"4533 Rose Spur
West Angelashire, IN 72490",1982-05-24,"nan, born on 1982-05-24, currently resides at 4533 Rose Spur
West Angelashire, IN 72490."
Vanessa Dunlap,"PSC 8586, Box 7022
APO AE 92249",1916-05-20,"Vanessa Dunlap, born on 1916-05-20, currently resides at PSC 8586, Box 7022
APO AE 92249."
Rebecca Chapman,"2371 Foster Plaza Apt. 401
West Timothy, DE 59463",,"Rebecca Chapman, born on nan, currently resides at 2371 Foster Plaza Apt. 401
West Timothy, DE 59463."
Jessica Walker,"PSC 1691, Box 3060
APO AP 35506",1921-07-04,"Jessica Walker, born on 1921-07-04, currently resides at PSC 1691, Box 3060
APO AP 35506."
Brian Smith,"05256 David Lodge
South Yolandaland, GA 56539",1935-06-04,"Brian Smith, born on 1935-06-04, currently resides at 05256 David Lodge
South Yolandaland, GA 56539."
Erika Wallace,"0163 Alec Prairie Suite 053
South Jilltown, OK 99608",,"Erika Wallace, born on nan, currently resides at 0163 Alec Prairie Suite 053
South Jilltown, OK 99608."
Richard Wilson,"9995 Brett Manor
Jessicamouth, SC 55477",1920-02-10,"Richard Wilson, born on 1920-02-10, currently resides at 9995 Brett Manor
Jessicamouth, SC 55477."
Valerie Kelly,,1977-08-31,"Valerie Kelly, born on 1977-08-31, currently resides at nan."
Destiny James,"8396 Munoz Shore
West Heather, TX 52726",1955-04-16,"Destiny James, born on 1955-04-16, currently resides at 8396 Munoz Shore
West Heather, TX 52726."
Kelsey Villa,"Unit 7437 Box 1988
DPO AE 66954",1947-09-01,"Kelsey Villa, born on 1947-09-01, currently resides at Unit 7437 Box 1988
DPO AE 66954."
Kristy Hess,"53484 Kaufman Burg Suite 770
Gonzalesland, FL 31229",1935-06-16,"Kristy Hess, born on 1935-06-16, currently resides at 53484 Kaufman Burg Suite 770
Gonzalesland, FL 31229."
Elaine Wiggins,"96693 Tracie Ranch Apt. 488
Thomasborough, LA 70326",1957-06-09,"Elaine Wiggins, born on 1957-06-09, currently resides at 96693 Tracie Ranch Apt. 488
Thomasborough, LA 70326."
Michael Craig,"1150 Tran Drives Suite 913
Danaport, KY 45044",2023-10-11,"Michael Craig, born on 2023-10-11, currently resides at 1150 Tran Drives Suite 913
Danaport, KY 45044."
Cindy Kelley,"036 Lopez Common
South Jennifer, TX 75515",1934-12-16,"Cindy Kelley, born on 1934-12-16, currently resides at 036 Lopez Common
South Jennifer, TX 75515."
Isaac Webster,"94717 Reynolds Isle
West Kellystad, KY 58860",1910-05-18,"Isaac Webster, born on 1910-05-18, currently resides at 94717 Reynolds Isle
West Kellystad, KY 58860."
Christina Fleming,"633 Emily Groves
Simmonsland, NJ 56221",1959-01-29,"Christina Fleming, born on 1959-01-29, currently resides at 633 Emily Groves
Simmonsland, NJ 56221."
Joseph Palmer,"48534 Mark Rest
Ronaldland, MO 64655",1953-04-06,"Joseph Palmer, born on 1953-04-06, currently resides at 48534 Mark Rest
Ronaldland, MO 64655."
Brandon Boyd,"8496 Michael Coves
Michaelfort, MS 94151",1953-01-07,"Brandon Boyd, born on 1953-01-07, currently resides at 8496 Michael Coves
Michaelfort, MS 94151."
Hayden West,"909 Steven Via
Heatherstad, DE 46244",,"Hayden West, born on nan, currently resides at 909 Steven Via
Heatherstad, DE 46244."
Matthew Jones,"45256 Sandra Brooks Suite 726
Coreystad, SC 60773",1920-12-01,"Matthew Jones, born on 1920-12-01, currently resides at 45256 Sandra Brooks Suite 726
Coreystad, SC 60773."
Carrie Gonzalez,"Unit 3996 Box 4102
DPO AA 84777",2020-12-25,"Carrie Gonzalez, born on 2020-12-25, currently resides at Unit 3996 Box 4102
DPO AA 84777."
Krista Flores,"39078 Mario Circles
Lake Brittanyport, WV 18150",,"Krista Flores, born on nan, currently resides at 39078 Mario Circles
Lake Brittanyport, WV 18150."
Steven Byrd,"9893 Robert Shoal Apt. 636
South Amyfurt, SC 43386",1930-02-03,"Steven Byrd, born on 1930-02-03, currently resides at 9893 Robert Shoal Apt. 636
South Amyfurt, SC 43386."
Chelsey Green,"278 Cheyenne Passage Suite 907
New John, NE 84814",1970-03-22,"Chelsey Green, born on 1970-03-22, currently resides at 278 Cheyenne Passage Suite 907
New John, NE 84814."
Anna Cardenas,,1907-12-21,"Anna Cardenas, born on 1907-12-21, currently resides at nan."
Christina Andrews,"801 Katherine Terrace Apt. 870
Camposbury, OH 13833",2010-11-15,"Christina Andrews, born on 2010-11-15, currently resides at 801 Katherine Terrace Apt. 870
Camposbury, OH 13833."
Bryan Martin,,1970-12-14,"Bryan Martin, born on 1970-12-14, currently resides at nan."
Tiffany Mcdonald,"901 Stacey Mall Suite 152
Port Matthew, OR 36879",1917-10-26,"Tiffany Mcdonald, born on 1917-10-26, currently resides at 901 Stacey Mall Suite 152
Port Matthew, OR 36879."
Angela Gonzalez,"952 Gonzalez Canyon
Andersonfurt, VA 17172",2016-04-06,"Angela Gonzalez, born on 2016-04-06, currently resides at 952 Gonzalez Canyon
Andersonfurt, VA 17172."
Christopher Caldwell,"USNS Smith
FPO AP 19102",,"Christopher Caldwell, born on nan, currently resides at USNS Smith
FPO AP 19102."
Jessica Norris,"6703 Jason Burgs Suite 913
West Barbara, AR 91213",1945-08-13,"Jessica Norris, born on 1945-08-13, currently resides at 6703 Jason Burgs Suite 913
West Barbara, AR 91213."
Heather Kelley,"USCGC Garcia
FPO AA 13315",1955-08-22,"Heather Kelley, born on 1955-08-22, currently resides at USCGC Garcia
FPO AA 13315."
Michael Williams,"2700 Brown Crescent
North Robertton, AZ 42957",1943-09-20,"Michael Williams, born on 1943-09-20, currently resides at 2700 Brown Crescent
North Robertton, AZ 42957."
Vanessa Ramirez,"83243 Hayley Forest Suite 405
Mayerfurt, RI 55379",1973-07-09,"Vanessa Ramirez, born on 1973-07-09, currently resides at 83243 Hayley Forest Suite 405
Mayerfurt, RI 55379."
Amber Bishop,"443 Robin Glens Suite 660
West Paulview, NC 93928",1920-07-13,"Amber Bishop, born on 1920-07-13, currently resides at 443 Robin Glens Suite 660
West Paulview, NC 93928."
Gregg Howard,"6953 Karen Inlet
Hillberg, CO 29257",1919-04-04,"Gregg Howard, born on 1919-04-04, currently resides at 6953 Karen Inlet
Hillberg, CO 29257."
Tara Horton,"58888 Powell Street
New Davidville, IA 32311",1938-07-16,"Tara Horton, born on 1938-07-16, currently resides at 58888 Powell Street
New Davidville, IA 32311."
Veronica Brooks,"53043 Lane Gardens Suite 938
Smithland, MO 27515",1979-01-25,"Veronica Brooks, born on 1979-01-25, currently resides at 53043 Lane Gardens Suite 938
Smithland, MO 27515."
Megan Brewer,,1984-09-17,"Megan Brewer, born on 1984-09-17, currently resides at nan."
Eric Martinez,"Unit 1396 Box 7251
DPO AA 12562",1956-03-11,"Eric Martinez, born on 1956-03-11, currently resides at Unit 1396 Box 7251
DPO AA 12562."
Clinton Cole,"43612 Sandoval Stravenue
Smithmouth, WI 60794",2000-11-09,"Clinton Cole, born on 2000-11-09, currently resides at 43612 Sandoval Stravenue
Smithmouth, WI 60794."
Steven Stewart,"718 Estrada Harbors Suite 437
New Mollyport, AR 82000",1997-12-23,"Steven Stewart, born on 1997-12-23, currently resides at 718 Estrada Harbors Suite 437
New Mollyport, AR 82000."
Kylie Walters,"USCGC Carter
FPO AE 90401",1987-05-29,"Kylie Walters, born on 1987-05-29, currently resides at USCGC Carter
FPO AE 90401."
Charles Hood,"8893 Rodriguez Wall Apt. 892
Melindafort, ID 39330",1915-01-16,"Charles Hood, born on 1915-01-16, currently resides at 8893 Rodriguez Wall Apt. 892
Melindafort, ID 39330."
Susan Morris,"Unit 0290 Box 3179
DPO AP 84863",1956-03-12,"Susan Morris, born on 1956-03-12, currently resides at Unit 0290 Box 3179
DPO AP 84863."
Kristy Mcdaniel,"250 Johnson Locks
Emilyside, KY 48997",1928-08-23,"Kristy Mcdaniel, born on 1928-08-23, currently resides at 250 Johnson Locks
Emilyside, KY 48997."
Daniel Ortiz,"72998 Riddle Harbor Suite 908
West Benjaminstad, MN 04829",1975-11-22,"Daniel Ortiz, born on 1975-11-22, currently resides at 72998 Riddle Harbor Suite 908
West Benjaminstad, MN 04829."
Shannon Kaufman,"75677 Cox Inlet Suite 024
West Brenda, VA 30492",1914-06-18,"Shannon Kaufman, born on 1914-06-18, currently resides at 75677 Cox Inlet Suite 024
West Brenda, VA 30492."
Anthony Chambers,"08218 Walker Forges
West Scott, MA 26601",1908-04-23,"Anthony Chambers, born on 1908-04-23, currently resides at 08218 Walker Forges
West Scott, MA 26601."
Johnathan Cruz,"58935 Wheeler Estate Apt. 232
Shannonbury, TX 83977",2011-04-28,"Johnathan Cruz, born on 2011-04-28, currently resides at 58935 Wheeler Estate Apt. 232
Shannonbury, TX 83977."
Allison Barnett,"94796 Frost River
Danielhaven, NJ 03525",1996-11-28,"Allison Barnett, born on 1996-11-28, currently resides at 94796 Frost River
Danielhaven, NJ 03525."
Amy Garcia,"0993 William Junction Suite 118
Port Shaneside, NV 47265",1944-01-04,"Amy Garcia, born on 1944-01-04, currently resides at 0993 William Junction Suite 118
Port Shaneside, NV 47265."
Gregory Jennings,"46658 Edwards Haven
Solisville, LA 37792",1959-03-13,"Gregory Jennings, born on 1959-03-13, currently resides at 46658 Edwards Haven
Solisville, LA 37792."
,"44001 Gates Wells Suite 627
Kimchester, MS 29357",2021-06-28,"nan, born on 2021-06-28, currently resides at 44001 Gates Wells Suite 627
Kimchester, MS 29357."
Gwendolyn Cook,"1612 Scott Club
Meganport, SC 40289",1921-07-14,"Gwendolyn Cook, born on 1921-07-14, currently resides at 1612 Scott Club
Meganport, SC 40289."
Justin Mccormick,"USNV Hayes
FPO AP 50045",1943-10-11,"Justin Mccormick, born on 1943-10-11, currently resides at USNV Hayes
FPO AP 50045."
Michelle Cruz,"5257 Michael Park Apt. 475
South Kristie, SD 29758",1999-07-27,"Michelle Cruz, born on 1999-07-27, currently resides at 5257 Michael Park Apt. 475
South Kristie, SD 29758."
Stacey Robinson,"656 Carter Views
Lake Andreaport, AZ 13815",2011-09-10,"Stacey Robinson, born on 2011-09-10, currently resides at 656 Carter Views
Lake Andreaport, AZ 13815."
Craig Perez,"2562 Melissa Crossroad Apt. 839
Port Keith, PA 89041",1961-11-08,"Craig Perez, born on 1961-11-08, currently resides at 2562 Melissa Crossroad Apt. 839
Port Keith, PA 89041."
Michelle Floyd,"36146 Gomez Lodge
Maryfurt, NE 31851",1922-03-26,"Michelle Floyd, born on 1922-03-26, currently resides at 36146 Gomez Lodge
Maryfurt, NE 31851."
Lucas Mitchell,"2142 Daniel Shores Apt. 351
New Colleen, KS 72905",1970-08-10,"Lucas Mitchell, born on 1970-08-10, currently resides at 2142 Daniel Shores Apt. 351
New Colleen, KS 72905."
Shane Collins,"488 Joel Knoll
Ayerston, IA 28352",2002-09-02,"Shane Collins, born on 2002-09-02, currently resides at 488 Joel Knoll
Ayerston, IA 28352."
Amy Carter,"Unit 2652 Box 4559
DPO AA 62599",1996-10-19,"Amy Carter, born on 1996-10-19, currently resides at Unit 2652 Box 4559
DPO AA 62599."
Brittany Baxter,"382 Melissa Squares
Deannaberg, NY 64899",1926-12-16,"Brittany Baxter, born on 1926-12-16, currently resides at 382 Melissa Squares
Deannaberg, NY 64899."
Rebecca Wood,"01435 Brian Meadow Suite 236
Jessicashire, WV 86606",1955-04-05,"Rebecca Wood, born on 1955-04-05, currently resides at 01435 Brian Meadow Suite 236
Jessicashire, WV 86606."
Ashley Fischer,"38896 Amanda Crest Apt. 847
Marcchester, NY 92348",1968-12-23,"Ashley Fischer, born on 1968-12-23, currently resides at 38896 Amanda Crest Apt. 847
Marcchester, NY 92348."
Theresa Graham,"PSC 5374, Box 2349
APO AE 98119",1913-12-29,"Theresa Graham, born on 1913-12-29, currently resides at PSC 5374, Box 2349
APO AE 98119."
Kristine Reeves,"Unit 6382 Box 4256
DPO AP 45074",1923-02-07,"Kristine Reeves, born on 1923-02-07, currently resides at Unit 6382 Box 4256
DPO AP 45074."
Lisa Wright,"719 Lee Lock
Lake Taylor, NH 70448",2001-01-19,"Lisa Wright, born on 2001-01-19, currently resides at 719 Lee Lock
Lake Taylor, NH 70448."
Mark Goodwin,"914 Preston Run
Cameronland, NC 22739",1985-09-14,"Mark Goodwin, born on 1985-09-14, currently resides at 914 Preston Run
Cameronland, NC 22739."
Ruben Barajas,"11466 Pamela Shoal Apt. 052
Vasquezborough, MS 55449",1962-12-25,"Ruben Barajas, born on 1962-12-25, currently resides at 11466 Pamela Shoal Apt. 052
Vasquezborough, MS 55449."
Amanda Wheeler,"28015 English Cape
Matthewview, SD 03656",1990-01-17,"Amanda Wheeler, born on 1990-01-17, currently resides at 28015 English Cape
Matthewview, SD 03656."
Christopher Lewis,"38496 Richardson Cliffs Suite 704
Christopherburgh, AL 08098",2019-02-26,"Christopher Lewis, born on 2019-02-26, currently resides at 38496 Richardson Cliffs Suite 704
Christopherburgh, AL 08098."
David Hernandez,"60605 Nancy Squares
New Charles, AZ 62458",1924-07-29,"David Hernandez, born on 1924-07-29, currently resides at 60605 Nancy Squares
New Charles, AZ 62458."
Jerome Weaver,"3501 Goodman Radial
Kaylaville, IA 32634",2014-03-18,"Jerome Weaver, born on 2014-03-18, currently resides at 3501 Goodman Radial
Kaylaville, IA 32634."
Collin Ibarra,"36157 Wilkinson Alley
Port Kevinmouth, MS 59865",1996-11-07,"Collin Ibarra, born on 1996-11-07, currently resides at 36157 Wilkinson Alley
Port Kevinmouth, MS 59865."
Alan Scott,"6622 James Corners Suite 780
Sanfordhaven, NV 97983",1967-07-19,"Alan Scott, born on 1967-07-19, currently resides at 6622 James Corners Suite 780
Sanfordhaven, NV 97983."
Mario Collins,"173 Nicole Viaduct
South Patricia, AL 01283",1921-05-05,"Mario Collins, born on 1921-05-05, currently resides at 173 Nicole Viaduct
South Patricia, AL 01283."
Lisa Burton,"261 Adams Branch
Christopherview, NC 88341",1971-02-26,"Lisa Burton, born on 1971-02-26, currently resides at 261 Adams Branch
Christopherview, NC 88341."
Leonard Fitzgerald,"8631 Alicia Route Apt. 336
Port Patrickmouth, GA 15084",1980-05-18,"Leonard Fitzgerald, born on 1980-05-18, currently resides at 8631 Alicia Route Apt. 336
Port Patrickmouth, GA 15084."
Daniel White,"3558 Patrick Field Apt. 823
Lake Angela, MT 13423",2012-09-02,"Daniel White, born on 2012-09-02, currently resides at 3558 Patrick Field Apt. 823
Lake Angela, MT 13423."
Angela Hernandez,"71196 Carrie Grove
Blackbury, KY 53915",2013-04-08,"Angela Hernandez, born on 2013-04-08, currently resides at 71196 Carrie Grove
Blackbury, KY 53915."
Xavier Alvarez,"0915 Martin Union Suite 010
Lake Anthony, TX 71868",1978-02-06,"Xavier Alvarez, born on 1978-02-06, currently resides at 0915 Martin Union Suite 010
Lake Anthony, TX 71868."
Michael Lee,"USS Taylor
FPO AE 02723",1984-09-20,"Michael Lee, born on 1984-09-20, currently resides at USS Taylor
FPO AE 02723."
Timothy Kerr,"068 Ryan Forest
East Steven, KY 08638",1924-06-27,"Timothy Kerr, born on 1924-06-27, currently resides at 068 Ryan Forest
East Steven, KY 08638."
Jay Duarte,"5961 Amy Street
West Lisa, MN 93181",2014-03-06,"Jay Duarte, born on 2014-03-06, currently resides at 5961 Amy Street
West Lisa, MN 93181."
,"94639 Brittney Spring
North Lori, SD 87860",1963-06-05,"nan, born on 1963-06-05, currently resides at 94639 Brittney Spring
North Lori, SD 87860."
Eric Barajas,"04432 Kevin Route Suite 794
New Janetchester, KS 96025",1952-03-04,"Eric Barajas, born on 1952-03-04, currently resides at 04432 Kevin Route Suite 794
New Janetchester, KS 96025."
Ashley Richards,"3251 Hamilton Meadows
New Robertfort, ID 90357",1910-01-01,"Ashley Richards, born on 1910-01-01, currently resides at 3251 Hamilton Meadows
New Robertfort, ID 90357."
Robert Lucas,"1002 Hines Mountain
Ronaldton, HI 07280",1986-09-10,"Robert Lucas, born on 1986-09-10, currently resides at 1002 Hines Mountain
Ronaldton, HI 07280."
Brenda Holt,"50369 Brown Crescent
New Jasminemouth, MN 81816",2019-03-27,"Brenda Holt, born on 2019-03-27, currently resides at 50369 Brown Crescent
New Jasminemouth, MN 81816."
Brittney Tate,,1968-05-22,"Brittney Tate, born on 1968-05-22, currently resides at nan."
Andrea Zamora,"97207 Peter Mews Suite 275
Christopherchester, IL 13381",1920-06-04,"Andrea Zamora, born on 1920-06-04, currently resides at 97207 Peter Mews Suite 275
Christopherchester, IL 13381."
Sherry Robinson,,2017-04-01,"Sherry Robinson, born on 2017-04-01, currently resides at nan."
Crystal Smith,"3186 John Course
East Kathryn, VT 78429",1967-07-28,"Crystal Smith, born on 1967-07-28, currently resides at 3186 John Course
East Kathryn, VT 78429."
Virginia Le,"Unit 7578 Box 8558
DPO AA 31082",2011-03-31,"Virginia Le, born on 2011-03-31, currently resides at Unit 7578 Box 8558
DPO AA 31082."
Dawn Kane,"4887 Morgan Alley Apt. 335
East Elizabeth, IA 93484",,"Dawn Kane, born on nan, currently resides at 4887 Morgan Alley Apt. 335
East Elizabeth, IA 93484."
Kristen Le,"842 Clark Island Apt. 822
South Lisamouth, MA 70136",1993-09-20,"Kristen Le, born on 1993-09-20, currently resides at 842 Clark Island Apt. 822
South Lisamouth, MA 70136."
James Johnson,,1921-01-05,"James Johnson, born on 1921-01-05, currently resides at nan."
Sara Smith,"458 Henry Burg Suite 992
Mooreton, IN 52170",1914-03-22,"Sara Smith, born on 1914-03-22, currently resides at 458 Henry Burg Suite 992
Mooreton, IN 52170."
Tara Hill,"3935 Raymond Mount
East Zachary, KY 71386",1943-06-22,"Tara Hill, born on 1943-06-22, currently resides at 3935 Raymond Mount
East Zachary, KY 71386."
Judy Smith,"9377 Stephanie Centers
Lake Bradleyborough, CA 96247",1932-10-03,"Judy Smith, born on 1932-10-03, currently resides at 9377 Stephanie Centers
Lake Bradleyborough, CA 96247."
Jeremiah Harvey,,1978-03-20,"Jeremiah Harvey, born on 1978-03-20, currently resides at nan."
Patrick Lester,"2005 Jonathan Springs Suite 316
Port Jimstad, MS 95356",2023-01-05,"Patrick Lester, born on 2023-01-05, currently resides at 2005 Jonathan Springs Suite 316
Port Jimstad, MS 95356."
Frank Taylor,"526 Hernandez Junction
West Cynthiahaven, NH 50028",1984-04-23,"Frank Taylor, born on 1984-04-23, currently resides at 526 Hernandez Junction
West Cynthiahaven, NH 50028."
Megan Gonzalez,"422 Johnson Groves Suite 615
Port Steven, KY 86019",1961-01-03,"Megan Gonzalez, born on 1961-01-03, currently resides at 422 Johnson Groves Suite 615
Port Steven, KY 86019."
Mr. Blake Bryant,"10377 Murillo Shore
East Jason, NE 78071",2015-06-24,"Mr. Blake Bryant, born on 2015-06-24, currently resides at 10377 Murillo Shore
East Jason, NE 78071."
Kyle Hall,"4493 Harris Bypass
New Jonathan, KS 09902",1941-10-24,"Kyle Hall, born on 1941-10-24, currently resides at 4493 Harris Bypass
New Jonathan, KS 09902."
Debra Morris,"5163 Hawkins Knolls
Victoriatown, CT 23221",1978-07-31,"Debra Morris, born on 1978-07-31, currently resides at 5163 Hawkins Knolls
Victoriatown, CT 23221."
Crystal Nichols,"1043 Haley Locks
North Seanview, RI 65422",1990-04-01,"Crystal Nichols, born on 1990-04-01, currently resides at 1043 Haley Locks
North Seanview, RI 65422."
Brian Cooper,"296 Stacey Key
West Kimberlyfort, TN 44132",,"Brian Cooper, born on nan, currently resides at 296 Stacey Key
West Kimberlyfort, TN 44132."
Michael Henderson,"187 Timothy Circles Suite 730
West Michaelview, NH 43349",1942-08-15,"Michael Henderson, born on 1942-08-15, currently resides at 187 Timothy Circles Suite 730
West Michaelview, NH 43349."
James Rojas,"504 Christopher Wells Apt. 105
Lake Mark, CO 36484",1968-06-21,"James Rojas, born on 1968-06-21, currently resides at 504 Christopher Wells Apt. 105
Lake Mark, CO 36484."
Rachel Brown,"008 Andrew Cliff Suite 047
East Danielbury, NE 22682",1938-07-24,"Rachel Brown, born on 1938-07-24, currently resides at 008 Andrew Cliff Suite 047
East Danielbury, NE 22682."
Carlos Weaver,"2217 Davis Corners Suite 381
Maryton, OH 63577",1941-10-20,"Carlos Weaver, born on 1941-10-20, currently resides at 2217 Davis Corners Suite 381
Maryton, OH 63577."
Anthony Hill,"454 Camacho Forge
Traceyshire, AZ 15983",1920-12-10,"Anthony Hill, born on 1920-12-10, currently resides at 454 Camacho Forge
Traceyshire, AZ 15983."
Mark Young,"580 Jeremy Estates Apt. 540
Lake Jesseport, MI 16548",1963-07-18,"Mark Young, born on 1963-07-18, currently resides at 580 Jeremy Estates Apt. 540
Lake Jesseport, MI 16548."
Samuel Young,"1902 David Throughway Suite 601
West Jesus, MA 71252",2006-09-16,"Samuel Young, born on 2006-09-16, currently resides at 1902 David Throughway Suite 601
West Jesus, MA 71252."
Mary Lawrence,"872 Nancy Inlet Apt. 887
Williamsborough, AK 98526",1959-03-25,"Mary Lawrence, born on 1959-03-25, currently resides at 872 Nancy Inlet Apt. 887
Williamsborough, AK 98526."
Amy Pacheco,"093 Camacho Wells Suite 220
Juliashire, AL 26835",1969-09-02,"Amy Pacheco, born on 1969-09-02, currently resides at 093 Camacho Wells Suite 220
Juliashire, AL 26835."
Jessica Neal,"534 Kaiser River Suite 240
Martinezland, MN 89134",1964-05-22,"Jessica Neal, born on 1964-05-22, currently resides at 534 Kaiser River Suite 240
Martinezland, MN 89134."
Denise Anderson,"49310 Patterson Light Suite 070
South Anitahaven, ME 25774",1965-06-07,"Denise Anderson, born on 1965-06-07, currently resides at 49310 Patterson Light Suite 070
South Anitahaven, ME 25774."
Susan Reyes,"8388 Steven Light Suite 422
New Christopher, ME 02497",1922-09-08,"Susan Reyes, born on 1922-09-08, currently resides at 8388 Steven Light Suite 422
New Christopher, ME 02497."
Michael Reed,"857 Rose Mountains Apt. 278
New Adam, OK 95790",1943-07-11,"Michael Reed, born on 1943-07-11, currently resides at 857 Rose Mountains Apt. 278
New Adam, OK 95790."
Rebecca Bruce,"37822 Garcia Place Suite 229
New Hollymouth, MT 40955",2022-03-28,"Rebecca Bruce, born on 2022-03-28, currently resides at 37822 Garcia Place Suite 229
New Hollymouth, MT 40955."
Cristian Thompson,"418 Pena Orchard
Codyfurt, VT 60644",1938-11-16,"Cristian Thompson, born on 1938-11-16, currently resides at 418 Pena Orchard
Codyfurt, VT 60644."
,"469 Jennings Knoll Suite 810
Garrettville, ID 54309",2007-07-08,"nan, born on 2007-07-08, currently resides at 469 Jennings Knoll Suite 810
Garrettville, ID 54309."
Andrea Barrett,"49990 Kimberly View
Nicholasborough, OR 10009",1991-01-24,"Andrea Barrett, born on 1991-01-24, currently resides at 49990 Kimberly View
Nicholasborough, OR 10009."
Megan Wong,"02479 James Turnpike Apt. 226
Medinaton, AR 09459",1934-10-27,"Megan Wong, born on 1934-10-27, currently resides at 02479 James Turnpike Apt. 226
Medinaton, AR 09459."
Paul Robinson,"USS Lester
FPO AP 69431",1997-01-26,"Paul Robinson, born on 1997-01-26, currently resides at USS Lester
FPO AP 69431."
Brandy Reeves,"957 Brewer Brooks Apt. 398
Danieltown, KY 28564",1985-01-04,"Brandy Reeves, born on 1985-01-04, currently resides at 957 Brewer Brooks Apt. 398
Danieltown, KY 28564."
Jessica Curtis,"22541 Sullivan Locks
Nathanielburgh, DC 41734",1946-06-12,"Jessica Curtis, born on 1946-06-12, currently resides at 22541 Sullivan Locks
Nathanielburgh, DC 41734."
Cindy Stone,"USCGC Nguyen
FPO AE 95493",1909-12-30,"Cindy Stone, born on 1909-12-30, currently resides at USCGC Nguyen
FPO AE 95493."
Bruce Thompson,"414 Mcbride Curve
Lake Williamfort, WV 61334",,"Bruce Thompson, born on nan, currently resides at 414 Mcbride Curve
Lake Williamfort, WV 61334."
Timothy Gutierrez,"3190 Christensen Roads Apt. 486
East Justinchester, HI 12545",,"Timothy Gutierrez, born on nan, currently resides at 3190 Christensen Roads Apt. 486
East Justinchester, HI 12545."
Brenda Manning,"56865 Parsons Forge Apt. 780
West Donna, ID 07845",1936-06-09,"Brenda Manning, born on 1936-06-09, currently resides at 56865 Parsons Forge Apt. 780
West Donna, ID 07845."
Anna Miles,"8653 Lisa Freeway Suite 593
Cherylberg, DC 59118",2014-01-13,"Anna Miles, born on 2014-01-13, currently resides at 8653 Lisa Freeway Suite 593
Cherylberg, DC 59118."
Ann Dennis,"262 Kenneth Falls Suite 683
Port Jennifer, MD 64431",2016-04-02,"Ann Dennis, born on 2016-04-02, currently resides at 262 Kenneth Falls Suite 683
Port Jennifer, MD 64431."
Robert Smith,"49698 Mcguire Mountain
Jamesburgh, GA 89286",1983-12-03,"Robert Smith, born on 1983-12-03, currently resides at 49698 Mcguire Mountain
Jamesburgh, GA 89286."
Paul Ramirez,"USS Chen
FPO AA 15368",2000-06-02,"Paul Ramirez, born on 2000-06-02, currently resides at USS Chen
FPO AA 15368."
Mr. David Clarke,"PSC 6676, Box 0721
APO AP 17494",1912-12-26,"Mr. David Clarke, born on 1912-12-26, currently resides at PSC 6676, Box 0721
APO AP 17494."
Diana Jordan,"185 Wall Mountain Apt. 186
Aaronfurt, ND 45868",2008-01-01,"Diana Jordan, born on 2008-01-01, currently resides at 185 Wall Mountain Apt. 186
Aaronfurt, ND 45868."
Hector Martinez,"PSC 5594, Box 1360
APO AP 45709",1968-04-12,"Hector Martinez, born on 1968-04-12, currently resides at PSC 5594, Box 1360
APO AP 45709."
Kristin Stuart,"769 Vazquez Groves Apt. 431
New Daniel, NE 76132",1915-07-05,"Kristin Stuart, born on 1915-07-05, currently resides at 769 Vazquez Groves Apt. 431
New Daniel, NE 76132."
Amy Miller,"9319 Vickie Parkway
Evansmouth, ND 98766",1979-03-13,"Amy Miller, born on 1979-03-13, currently resides at 9319 Vickie Parkway
Evansmouth, ND 98766."
,"Unit 7515 Box 4445
DPO AP 76733",1968-08-17,"nan, born on 1968-08-17, currently resides at Unit 7515 Box 4445
DPO AP 76733."
Erica Bradford,"53389 Richard Junction Suite 993
North Nancy, MT 27973",1937-12-24,"Erica Bradford, born on 1937-12-24, currently resides at 53389 Richard Junction Suite 993
North Nancy, MT 27973."
Sarah Russell,"042 Patricia Crest Apt. 264
New Kimport, NY 54025",1996-04-24,"Sarah Russell, born on 1996-04-24, currently resides at 042 Patricia Crest Apt. 264
New Kimport, NY 54025."
Paul Wright,"943 Susan Motorway Apt. 481
West Alexanderfurt, NH 82002",1938-01-13,"Paul Wright, born on 1938-01-13, currently resides at 943 Susan Motorway Apt. 481
West Alexanderfurt, NH 82002."
,"532 Rowland Keys Apt. 701
Laceyside, MA 00813",1918-04-13,"nan, born on 1918-04-13, currently resides at 532 Rowland Keys Apt. 701
Laceyside, MA 00813."
Melissa Vasquez,,1948-12-05,"Melissa Vasquez, born on 1948-12-05, currently resides at nan."
Brianna Phelps,,2001-09-15,"Brianna Phelps, born on 2001-09-15, currently resides at nan."
Daniel Ayala,"271 Allison Pine
Port Zachary, IL 48990",2001-01-08,"Daniel Ayala, born on 2001-01-08, currently resides at 271 Allison Pine
Port Zachary, IL 48990."
Diane Foster,"97841 Kimberly Village Suite 673
Laceyshire, NC 08235",1977-11-14,"Diane Foster, born on 1977-11-14, currently resides at 97841 Kimberly Village Suite 673
Laceyshire, NC 08235."
,"7126 Marshall Forks Suite 210
Port Sharonview, MN 32796",1997-10-01,"nan, born on 1997-10-01, currently resides at 7126 Marshall Forks Suite 210
Port Sharonview, MN 32796."
Keith Thomas,"86078 Hopkins Isle Suite 383
Bondside, CT 54176",,"Keith Thomas, born on nan, currently resides at 86078 Hopkins Isle Suite 383
Bondside, CT 54176."
Shelby Barry,,,"Shelby Barry, born on nan, currently resides at nan."
Mrs. Kimberly Phillips,"157 Tracy Burg Apt. 527
Lake Stevenview, LA 02171",1968-01-27,"Mrs. Kimberly Phillips, born on 1968-01-27, currently resides at 157 Tracy Burg Apt. 527
Lake Stevenview, LA 02171."
Gary Shepherd,,2009-10-28,"Gary Shepherd, born on 2009-10-28, currently resides at nan."
Karla Shaw,"54457 Bowman Port
New Jenniferside, NM 51490",1912-02-07,"Karla Shaw, born on 1912-02-07, currently resides at 54457 Bowman Port
New Jenniferside, NM 51490."
Samuel Patterson,"88245 Ryan Garden
North Gregorybury, WY 37684",1946-07-26,"Samuel Patterson, born on 1946-07-26, currently resides at 88245 Ryan Garden
North Gregorybury, WY 37684."
Richard Hernandez,"24184 Lawrence Grove Suite 445
Grosston, MO 73010",1911-02-06,"Richard Hernandez, born on 1911-02-06, currently resides at 24184 Lawrence Grove Suite 445
Grosston, MO 73010."
Frank Huffman,"0976 Smith Junction
Port Cheryl, PA 35719",1929-10-18,"Frank Huffman, born on 1929-10-18, currently resides at 0976 Smith Junction
Port Cheryl, PA 35719."
James George,"5817 Gary Street
Riveraburgh, NM 68265",2000-08-17,"James George, born on 2000-08-17, currently resides at 5817 Gary Street
Riveraburgh, NM 68265."
Rick Barnes,"3921 Anthony Views Apt. 034
Perryport, WV 33851",,"Rick Barnes, born on nan, currently resides at 3921 Anthony Views Apt. 034
Perryport, WV 33851."
Kimberly Guzman,"049 Caroline Valley Suite 124
Mackburgh, DC 14109",2015-07-27,"Kimberly Guzman, born on 2015-07-27, currently resides at 049 Caroline Valley Suite 124
Mackburgh, DC 14109."
Brian Winters,"05491 David Circle Suite 550
Meganberg, WV 07776",1928-10-05,"Brian Winters, born on 1928-10-05, currently resides at 05491 David Circle Suite 550
Meganberg, WV 07776."
Kara Kramer,"9398 Stewart Pass Suite 445
Lake Amandaburgh, NM 95223",1918-02-22,"Kara Kramer, born on 1918-02-22, currently resides at 9398 Stewart Pass Suite 445
Lake Amandaburgh, NM 95223."
Preston Walker,"94834 Whitney Burg Suite 411
Johnchester, OR 27436",2001-09-02,"Preston Walker, born on 2001-09-02, currently resides at 94834 Whitney Burg Suite 411
Johnchester, OR 27436."
Chad Wilson,"PSC 8532, Box 8418
APO AP 58898",1961-12-20,"Chad Wilson, born on 1961-12-20, currently resides at PSC 8532, Box 8418
APO AP 58898."
Kari Powell,"5738 Nelson Court Suite 488
Lake Aaronmouth, TN 03523",1916-09-27,"Kari Powell, born on 1916-09-27, currently resides at 5738 Nelson Court Suite 488
Lake Aaronmouth, TN 03523."
Faith Lopez,"9276 Brandon Bridge Apt. 584
New Jasonside, SC 81111",1951-07-23,"Faith Lopez, born on 1951-07-23, currently resides at 9276 Brandon Bridge Apt. 584
New Jasonside, SC 81111."
Alan Holder,"5359 Edwards Landing Apt. 638
Grahambury, CT 21397",1998-05-07,"Alan Holder, born on 1998-05-07, currently resides at 5359 Edwards Landing Apt. 638
Grahambury, CT 21397."
Elizabeth Luna,"80044 Devon Crossroad Apt. 414
Wiseland, VA 65500",1988-10-11,"Elizabeth Luna, born on 1988-10-11, currently resides at 80044 Devon Crossroad Apt. 414
Wiseland, VA 65500."
Veronica Pope,"22945 Jessica Plains Apt. 875
Huynhburgh, VT 42710",1928-05-15,"Veronica Pope, born on 1928-05-15, currently resides at 22945 Jessica Plains Apt. 875
Huynhburgh, VT 42710."
Robert Long,"2432 Carrie Lakes
Jamesside, IA 03170",1973-03-15,"Robert Long, born on 1973-03-15, currently resides at 2432 Carrie Lakes
Jamesside, IA 03170."
Douglas Newman,"0485 Davidson Isle Apt. 383
South Preston, AK 61474",1975-01-11,"Douglas Newman, born on 1975-01-11, currently resides at 0485 Davidson Isle Apt. 383
South Preston, AK 61474."
Christina Wheeler,"924 Rocha Burgs Apt. 720
Clarenceborough, SD 23153",1912-12-22,"Christina Wheeler, born on 1912-12-22, currently resides at 924 Rocha Burgs Apt. 720
Clarenceborough, SD 23153."
Anna Daniels,"121 Davis Lake
Ramseyborough, MD 81780",2015-10-12,"Anna Daniels, born on 2015-10-12, currently resides at 121 Davis Lake
Ramseyborough, MD 81780."
Dustin Lamb,"73887 Jerry Lodge Apt. 054
Cheyennetown, MD 52525",2003-03-07,"Dustin Lamb, born on 2003-03-07, currently resides at 73887 Jerry Lodge Apt. 054
Cheyennetown, MD 52525."
Lance Haley,"63365 Estrada Camp Suite 859
Jamesberg, NJ 18110",1908-01-01,"Lance Haley, born on 1908-01-01, currently resides at 63365 Estrada Camp Suite 859
Jamesberg, NJ 18110."
Timothy Garcia,"9674 Davies Walks Suite 607
New Georgeburgh, AR 01228",1988-04-09,"Timothy Garcia, born on 1988-04-09, currently resides at 9674 Davies Walks Suite 607
New Georgeburgh, AR 01228."
Alan Zuniga,"4661 Mikayla Village Apt. 498
Allenbury, KS 14664",1989-07-25,"Alan Zuniga, born on 1989-07-25, currently resides at 4661 Mikayla Village Apt. 498
Allenbury, KS 14664."
,"12497 Decker Forge Apt. 370
Howardmouth, MT 30678",1984-12-16,"nan, born on 1984-12-16, currently resides at 12497 Decker Forge Apt. 370
Howardmouth, MT 30678."
Paul Silva,"0629 Martinez Squares
North Steven, IL 35176",1917-09-25,"Paul Silva, born on 1917-09-25, currently resides at 0629 Martinez Squares
North Steven, IL 35176."
Caleb Saunders,"3062 Gloria Neck Suite 971
West Jennifershire, WI 77068",,"Caleb Saunders, born on nan, currently resides at 3062 Gloria Neck Suite 971
West Jennifershire, WI 77068."
Lisa Martinez,"197 Drake Walks Apt. 223
Natashastad, NH 23278",2020-06-21,"Lisa Martinez, born on 2020-06-21, currently resides at 197 Drake Walks Apt. 223
Natashastad, NH 23278."
Thomas Schmitt,"944 Richardson Alley
Davidsonton, UT 49071",1917-10-18,"Thomas Schmitt, born on 1917-10-18, currently resides at 944 Richardson Alley
Davidsonton, UT 49071."
Justin Ray,"4307 Werner Groves Suite 762
Port Randallshire, MN 37492",1937-01-29,"Justin Ray, born on 1937-01-29, currently resides at 4307 Werner Groves Suite 762
Port Randallshire, MN 37492."
,"50490 Johnson Branch
South Ralph, SC 49443",1951-02-08,"nan, born on 1951-02-08, currently resides at 50490 Johnson Branch
South Ralph, SC 49443."
Brandon Brown Jr.,"6013 Webster Unions Apt. 066
Feliciastad, FL 12706",,"Brandon Brown Jr., born on nan, currently resides at 6013 Webster Unions Apt. 066
Feliciastad, FL 12706."
Daniel Harrison,"633 Watts Roads Apt. 191
East Caitlin, FL 31644",1982-07-06,"Daniel Harrison, born on 1982-07-06, currently resides at 633 Watts Roads Apt. 191
East Caitlin, FL 31644."
,"776 Brandi Manors
Allentown, WA 12470",1913-08-16,"nan, born on 1913-08-16, currently resides at 776 Brandi Manors
Allentown, WA 12470."
Jeffrey Brown,"2496 Moyer Vista
Stewartmouth, ID 34186",1962-09-01,"Jeffrey Brown, born on 1962-09-01, currently resides at 2496 Moyer Vista
Stewartmouth, ID 34186."
Lawrence Benson,"Unit 6435 Box 4587
DPO AE 02277",1977-09-13,"Lawrence Benson, born on 1977-09-13, currently resides at Unit 6435 Box 4587
DPO AE 02277."
Jacob Morrison,"49006 Gregory Mountains Apt. 833
New Thomas, TX 31518",2020-08-30,"Jacob Morrison, born on 2020-08-30, currently resides at 49006 Gregory Mountains Apt. 833
New Thomas, TX 31518."
Gary Moreno,"02689 Wilson Lakes Apt. 366
Aliciaview, WA 71680",2021-01-18,"Gary Moreno, born on 2021-01-18, currently resides at 02689 Wilson Lakes Apt. 366
Aliciaview, WA 71680."
Karla Carroll,"2853 Bryant Crescent Apt. 289
Port Adamville, OR 19024",2022-02-21,"Karla Carroll, born on 2022-02-21, currently resides at 2853 Bryant Crescent Apt. 289
Port Adamville, OR 19024."
Tyrone Reyes,"374 Brown Plains
West Chloeport, VA 47466",1987-05-05,"Tyrone Reyes, born on 1987-05-05, currently resides at 374 Brown Plains
West Chloeport, VA 47466."
Eric Warren,"596 Jeffrey Landing Apt. 488
New Alexandriaberg, AZ 88040",1998-09-12,"Eric Warren, born on 1998-09-12, currently resides at 596 Jeffrey Landing Apt. 488
New Alexandriaberg, AZ 88040."
,"0452 Brian Tunnel
Lake Michealview, GA 24424",1961-11-15,"nan, born on 1961-11-15, currently resides at 0452 Brian Tunnel
Lake Michealview, GA 24424."
Carlos Bryant,"57069 Paige Alley
Lake Darin, IL 64462",2000-03-14,"Carlos Bryant, born on 2000-03-14, currently resides at 57069 Paige Alley
Lake Darin, IL 64462."
Erik Gibson,"5612 Carol Isle Apt. 064
Rachelburgh, OH 97496",1944-09-28,"Erik Gibson, born on 1944-09-28, currently resides at 5612 Carol Isle Apt. 064
Rachelburgh, OH 97496."
,"953 Jensen Forks
Johnsonmouth, ND 99749",1930-08-11,"nan, born on 1930-08-11, currently resides at 953 Jensen Forks
Johnsonmouth, ND 99749."
Theodore Lutz,"49829 Moran Mission
New Nichole, LA 31751",1967-05-05,"Theodore Lutz, born on 1967-05-05, currently resides at 49829 Moran Mission
New Nichole, LA 31751."
Bryan Barber,"390 Alvarado Forge Suite 334
North Douglasfurt, OK 79861",1999-11-30,"Bryan Barber, born on 1999-11-30, currently resides at 390 Alvarado Forge Suite 334
North Douglasfurt, OK 79861."
Brian Smith,"350 Valencia Isle
New Cindy, ID 25706",1992-08-29,"Brian Smith, born on 1992-08-29, currently resides at 350 Valencia Isle
New Cindy, ID 25706."
Melissa Neal,"656 Garcia Lights Suite 522
Katherineborough, WI 08664",1932-11-04,"Melissa Neal, born on 1932-11-04, currently resides at 656 Garcia Lights Suite 522
Katherineborough, WI 08664."
Brian Lawson,"PSC 7355, Box 6546
APO AP 94302",1920-05-27,"Brian Lawson, born on 1920-05-27, currently resides at PSC 7355, Box 6546
APO AP 94302."
James Collins,"1469 Benjamin Hollow
Hopkinsbury, PA 11165",1966-10-21,"James Collins, born on 1966-10-21, currently resides at 1469 Benjamin Hollow
Hopkinsbury, PA 11165."
Amy Ellis,"7255 Amber Village Suite 508
Lake Danielview, DE 52167",1950-12-03,"Amy Ellis, born on 1950-12-03, currently resides at 7255 Amber Village Suite 508
Lake Danielview, DE 52167."
Emily Morris,"5460 Donald Hill
Cynthiaside, ID 70247",1926-06-26,"Emily Morris, born on 1926-06-26, currently resides at 5460 Donald Hill
Cynthiaside, ID 70247."
Jack Peck,"Unit 5163 Box 1214
DPO AA 41866",2017-03-21,"Jack Peck, born on 2017-03-21, currently resides at Unit 5163 Box 1214
DPO AA 41866."
Helen Hernandez,"30920 Casey Passage Suite 976
Lake Gerald, ND 19453",2004-03-24,"Helen Hernandez, born on 2004-03-24, currently resides at 30920 Casey Passage Suite 976
Lake Gerald, ND 19453."
,"9726 Turner Shores Apt. 407
Port Johnathanview, NM 61791",1990-10-21,"nan, born on 1990-10-21, currently resides at 9726 Turner Shores Apt. 407
Port Johnathanview, NM 61791."
Kristina Wilkins,"006 Elizabeth Plaza Apt. 963
Andersonmouth, NE 42622",2009-11-11,"Kristina Wilkins, born on 2009-11-11, currently resides at 006 Elizabeth Plaza Apt. 963
Andersonmouth, NE 42622."
Bryce Green,"7750 Denise Ranch Suite 010
South Bob, AK 24194",1981-03-04,"Bryce Green, born on 1981-03-04, currently resides at 7750 Denise Ranch Suite 010
South Bob, AK 24194."
Joanna Watkins,"2022 Garcia Summit Suite 580
North Karen, NM 74051",1991-06-14,"Joanna Watkins, born on 1991-06-14, currently resides at 2022 Garcia Summit Suite 580
North Karen, NM 74051."
Philip Lynch,"0793 Farmer Hills Suite 032
North Eileen, WA 91154",1963-08-27,"Philip Lynch, born on 1963-08-27, currently resides at 0793 Farmer Hills Suite 032
North Eileen, WA 91154."
Marissa Perez,,2010-05-25,"Marissa Perez, born on 2010-05-25, currently resides at nan."
Robert Brown,"137 Rhonda Pike Apt. 796
Lozanotown, AL 59806",1922-10-05,"Robert Brown, born on 1922-10-05, currently resides at 137 Rhonda Pike Apt. 796
Lozanotown, AL 59806."
Jamie Hall,"66924 David Shoals
New Samantha, FL 11794",1928-08-18,"Jamie Hall, born on 1928-08-18, currently resides at 66924 David Shoals
New Samantha, FL 11794."
Jason Perkins,"5012 Cox Cliff Suite 749
West Nicholas, AK 95801",2016-01-31,"Jason Perkins, born on 2016-01-31, currently resides at 5012 Cox Cliff Suite 749
West Nicholas, AK 95801."
Jennifer Wong,"495 Leslie Burgs
South Arthur, IN 26577",1916-03-22,"Jennifer Wong, born on 1916-03-22, currently resides at 495 Leslie Burgs
South Arthur, IN 26577."
Carrie Robertson,"9930 Tammy Mill Apt. 501
Lunatown, KS 13096",,"Carrie Robertson, born on nan, currently resides at 9930 Tammy Mill Apt. 501
Lunatown, KS 13096."
Lisa Reid,"3574 Cynthia Crossroad
Curtisview, DE 06496",1977-06-28,"Lisa Reid, born on 1977-06-28, currently resides at 3574 Cynthia Crossroad
Curtisview, DE 06496."
Charles Smith,,1930-06-30,"Charles Smith, born on 1930-06-30, currently resides at nan."
Christine Smith,"174 Diana Branch
Port Matthewshire, RI 68468",2011-04-12,"Christine Smith, born on 2011-04-12, currently resides at 174 Diana Branch
Port Matthewshire, RI 68468."
Morgan Cole,,1939-02-06,"Morgan Cole, born on 1939-02-06, currently resides at nan."
Michael Howell,"988 Crystal Drives Apt. 373
West Christopher, IL 59357",1994-03-11,"Michael Howell, born on 1994-03-11, currently resides at 988 Crystal Drives Apt. 373
West Christopher, IL 59357."
Mary Kelley,"7845 Kyle Drive
Port Tanner, KY 81621",1947-10-16,"Mary Kelley, born on 1947-10-16, currently resides at 7845 Kyle Drive
Port Tanner, KY 81621."
Andrea Little,"399 White Rapids Suite 985
Port Ethanport, MA 52528",1938-09-06,"Andrea Little, born on 1938-09-06, currently resides at 399 White Rapids Suite 985
Port Ethanport, MA 52528."
William Roach,"819 Monica Mews Suite 113
Douglasbury, ND 55809",1966-08-20,"William Roach, born on 1966-08-20, currently resides at 819 Monica Mews Suite 113
Douglasbury, ND 55809."
Catherine Thomas,"542 Julia Knolls
Jasontown, SD 73470",1995-10-25,"Catherine Thomas, born on 1995-10-25, currently resides at 542 Julia Knolls
Jasontown, SD 73470."
Michael Rodriguez,"USCGC Howard
FPO AP 37491",1991-07-16,"Michael Rodriguez, born on 1991-07-16, currently resides at USCGC Howard
FPO AP 37491."
Javier Kennedy,"PSC 7131, Box 5053
APO AE 92409",1960-03-07,"Javier Kennedy, born on 1960-03-07, currently resides at PSC 7131, Box 5053
APO AE 92409."
Sara Brown,"244 Jackie Inlet
Pamelamouth, CA 80104",2017-07-29,"Sara Brown, born on 2017-07-29, currently resides at 244 Jackie Inlet
Pamelamouth, CA 80104."
Jessica Long,"97165 Lisa Creek Suite 627
Alisonfurt, VT 48559",1983-03-07,"Jessica Long, born on 1983-03-07, currently resides at 97165 Lisa Creek Suite 627
Alisonfurt, VT 48559."
Tiffany Bradley,"684 Lewis Underpass
Stacyville, OR 45768",,"Tiffany Bradley, born on nan, currently resides at 684 Lewis Underpass
Stacyville, OR 45768."
Amanda Jones,"75642 Wilson Turnpike Apt. 359
Josephbury, MD 29218",2021-11-12,"Amanda Jones, born on 2021-11-12, currently resides at 75642 Wilson Turnpike Apt. 359
Josephbury, MD 29218."
Brendan Chan,"PSC 1725, Box 7552
APO AE 49056",1999-07-31,"Brendan Chan, born on 1999-07-31, currently resides at PSC 1725, Box 7552
APO AE 49056."
Erika Wagner,"3385 Jackson Vista
Allenmouth, HI 84938",1990-07-02,"Erika Wagner, born on 1990-07-02, currently resides at 3385 Jackson Vista
Allenmouth, HI 84938."
James Rodriguez,,1942-12-31,"James Rodriguez, born on 1942-12-31, currently resides at nan."
Brian Green,"0502 Peggy Forge Suite 870
New Jacobborough, IL 10413",1919-02-18,"Brian Green, born on 1919-02-18, currently resides at 0502 Peggy Forge Suite 870
New Jacobborough, IL 10413."
Alison Webb,"5965 James Knoll Suite 938
Reidhaven, MD 58279",1962-09-12,"Alison Webb, born on 1962-09-12, currently resides at 5965 James Knoll Suite 938
Reidhaven, MD 58279."
Joshua Hood,"7302 Heidi Valleys Apt. 179
North Lisatown, FL 89875",1927-11-17,"Joshua Hood, born on 1927-11-17, currently resides at 7302 Heidi Valleys Apt. 179
North Lisatown, FL 89875."
Christopher Shaw,"00331 Jessica Creek Suite 402
North Jamesbury, MA 45960",2008-03-09,"Christopher Shaw, born on 2008-03-09, currently resides at 00331 Jessica Creek Suite 402
North Jamesbury, MA 45960."
Bryan Medina,"01079 Gonzalez Cape
South Carolynfort, WV 13215",,"Bryan Medina, born on nan, currently resides at 01079 Gonzalez Cape
South Carolynfort, WV 13215."
Christine Snyder,"576 George Square Apt. 465
Port Andrewberg, KY 16781",1961-09-12,"Christine Snyder, born on 1961-09-12, currently resides at 576 George Square Apt. 465
Port Andrewberg, KY 16781."
Patricia Castro,"883 Brewer Estates Suite 154
South Joannaville, TN 24945",2000-05-11,"Patricia Castro, born on 2000-05-11, currently resides at 883 Brewer Estates Suite 154
South Joannaville, TN 24945."
Martin Wilson,"920 Diana Estates Apt. 306
Newmanmouth, NY 70038",1946-07-18,"Martin Wilson, born on 1946-07-18, currently resides at 920 Diana Estates Apt. 306
Newmanmouth, NY 70038."
,"Unit 6782 Box 2500
DPO AA 52784",2022-04-16,"nan, born on 2022-04-16, currently resides at Unit 6782 Box 2500
DPO AA 52784."
Barbara Hughes,"782 Morales Mews Apt. 613
Wendyland, DC 12675",1969-07-17,"Barbara Hughes, born on 1969-07-17, currently resides at 782 Morales Mews Apt. 613
Wendyland, DC 12675."
Patrick Mckay,"64566 Emily Place Apt. 128
Ortizville, UT 72945",1993-07-06,"Patrick Mckay, born on 1993-07-06, currently resides at 64566 Emily Place Apt. 128
Ortizville, UT 72945."
,"53747 Lopez Summit
West Gary, HI 24086",1908-08-04,"nan, born on 1908-08-04, currently resides at 53747 Lopez Summit
West Gary, HI 24086."
Shannon Ingram,"470 Saunders Island Suite 208
West Eric, MI 67131",1945-01-07,"Shannon Ingram, born on 1945-01-07, currently resides at 470 Saunders Island Suite 208
West Eric, MI 67131."
Paul Mitchell,"367 Michael Fort Apt. 016
New Benjaminhaven, OR 39832",1967-11-15,"Paul Mitchell, born on 1967-11-15, currently resides at 367 Michael Fort Apt. 016
New Benjaminhaven, OR 39832."
David Wright,"3507 Bradley Brook
Weavertown, FL 15894",1967-01-10,"David Wright, born on 1967-01-10, currently resides at 3507 Bradley Brook
Weavertown, FL 15894."
Joel Collier,"PSC 1488, Box 5898
APO AE 04212",,"Joel Collier, born on nan, currently resides at PSC 1488, Box 5898
APO AE 04212."
Bobby Hess,"PSC 2684, Box 8586
APO AP 38661",,"Bobby Hess, born on nan, currently resides at PSC 2684, Box 8586
APO AP 38661."
Nicole Bates,"Unit 7201 Box 0342
DPO AP 40249",1920-06-08,"Nicole Bates, born on 1920-06-08, currently resides at Unit 7201 Box 0342
DPO AP 40249."
Scott Hester,"5224 Hill Camp
Woodsberg, FL 68626",1980-02-01,"Scott Hester, born on 1980-02-01, currently resides at 5224 Hill Camp
Woodsberg, FL 68626."
,"5108 Palmer Valley
Thompsonbury, MT 81280",1990-04-09,"nan, born on 1990-04-09, currently resides at 5108 Palmer Valley
Thompsonbury, MT 81280."
Bryce Jones,"35156 Eric Course Suite 825
Johnside, VT 03520",2000-07-13,"Bryce Jones, born on 2000-07-13, currently resides at 35156 Eric Course Suite 825
Johnside, VT 03520."
Angela Hunter,"1611 Roberts Stream Apt. 742
Jaredtown, ME 63958",2009-05-22,"Angela Hunter, born on 2009-05-22, currently resides at 1611 Roberts Stream Apt. 742
Jaredtown, ME 63958."
Lance Martin,"570 Johnson Views Apt. 434
Port Vanessaland, VT 79317",1912-02-10,"Lance Martin, born on 1912-02-10, currently resides at 570 Johnson Views Apt. 434
Port Vanessaland, VT 79317."
Kelly Cook,"99642 Young Camp Suite 119
South Brianburgh, WV 58760",2004-06-02,"Kelly Cook, born on 2004-06-02, currently resides at 99642 Young Camp Suite 119
South Brianburgh, WV 58760."
Melissa Gonzalez,"859 Buchanan Viaduct Suite 038
South Jasonton, AK 79721",1914-07-15,"Melissa Gonzalez, born on 1914-07-15, currently resides at 859 Buchanan Viaduct Suite 038
South Jasonton, AK 79721."
Heather Lopez,"3950 Martinez Flats Apt. 307
West Austinland, NJ 70763",1970-08-06,"Heather Lopez, born on 1970-08-06, currently resides at 3950 Martinez Flats Apt. 307
West Austinland, NJ 70763."
Cole Waters,"8176 Andrew Forges
Deborahberg, ME 47533",1932-12-28,"Cole Waters, born on 1932-12-28, currently resides at 8176 Andrew Forges
Deborahberg, ME 47533."
Larry Johnson,"57540 Smith Dam Apt. 889
East Crystalfurt, HI 23926",1955-12-11,"Larry Johnson, born on 1955-12-11, currently resides at 57540 Smith Dam Apt. 889
East Crystalfurt, HI 23926."
Timothy Martin,"1014 Martin Field Suite 996
South Jessica, NY 51240",1999-03-18,"Timothy Martin, born on 1999-03-18, currently resides at 1014 Martin Field Suite 996
South Jessica, NY 51240."
Jill Miller,"Unit 4475 Box 5592
DPO AP 58479",1941-04-16,"Jill Miller, born on 1941-04-16, currently resides at Unit 4475 Box 5592
DPO AP 58479."
Kevin Pope,"26941 Joshua Fort Apt. 842
Clarkside, TN 84594",1968-06-07,"Kevin Pope, born on 1968-06-07, currently resides at 26941 Joshua Fort Apt. 842
Clarkside, TN 84594."
Heather Torres,"16235 Zuniga Crossing
Wilsonborough, IN 70360",1983-11-22,"Heather Torres, born on 1983-11-22, currently resides at 16235 Zuniga Crossing
Wilsonborough, IN 70360."
Lauren Mitchell,"5436 Hall Harbors
West Veronica, GA 18626",1952-05-06,"Lauren Mitchell, born on 1952-05-06, currently resides at 5436 Hall Harbors
West Veronica, GA 18626."
Bianca Arroyo,"88509 Warner Cliffs
South Joel, IN 36998",2003-09-24,"Bianca Arroyo, born on 2003-09-24, currently resides at 88509 Warner Cliffs
South Joel, IN 36998."
Mario Clark,"48127 Jennifer Rapids
West Valerietown, VA 43842",2005-09-06,"Mario Clark, born on 2005-09-06, currently resides at 48127 Jennifer Rapids
West Valerietown, VA 43842."
Kyle Long,"13254 Spears Vista Apt. 717
East Duane, WA 62363",1933-07-10,"Kyle Long, born on 1933-07-10, currently resides at 13254 Spears Vista Apt. 717
East Duane, WA 62363."
Bradley Reyes,"5191 Kayla Wall
Gabrielland, CO 96696",1923-12-23,"Bradley Reyes, born on 1923-12-23, currently resides at 5191 Kayla Wall
Gabrielland, CO 96696."
Tyrone Wong,"281 Scott Burg
Schmidtshire, UT 98128",2003-01-18,"Tyrone Wong, born on 2003-01-18, currently resides at 281 Scott Burg
Schmidtshire, UT 98128."
William Moore,"50547 Nicole Drives
Port Troychester, MS 64346",,"William Moore, born on nan, currently resides at 50547 Nicole Drives
Port Troychester, MS 64346."
Jason Morgan,"USNV Lopez
FPO AP 24014",1986-08-12,"Jason Morgan, born on 1986-08-12, currently resides at USNV Lopez
FPO AP 24014."
Denise Turner,"007 Matthew Pines
South Erica, MO 36890",2013-01-23,"Denise Turner, born on 2013-01-23, currently resides at 007 Matthew Pines
South Erica, MO 36890."
Karen Hawkins,"610 Gallegos Burgs
Port Amanda, NH 45392",1958-09-17,"Karen Hawkins, born on 1958-09-17, currently resides at 610 Gallegos Burgs
Port Amanda, NH 45392."
Ariana Henry,"6430 Brady Isle
Murphyville, TN 95070",1995-06-06,"Ariana Henry, born on 1995-06-06, currently resides at 6430 Brady Isle
Murphyville, TN 95070."
Jeffrey Booth,"75378 Brenda Mall
Sanchezton, CO 14103",1999-09-02,"Jeffrey Booth, born on 1999-09-02, currently resides at 75378 Brenda Mall
Sanchezton, CO 14103."
Cynthia Johnson,"19956 John Summit
New Tina, TN 06911",1946-03-04,"Cynthia Johnson, born on 1946-03-04, currently resides at 19956 John Summit
New Tina, TN 06911."
Ashley Stewart,"7930 Bates Keys
East Colleen, TX 05690",2003-11-15,"Ashley Stewart, born on 2003-11-15, currently resides at 7930 Bates Keys
East Colleen, TX 05690."
Rebecca Miller,"8850 Oscar Summit Apt. 918
New Melissaborough, IA 28331",2021-01-24,"Rebecca Miller, born on 2021-01-24, currently resides at 8850 Oscar Summit Apt. 918
New Melissaborough, IA 28331."
Andrea Conner,"USS Peterson
FPO AP 93959",1939-02-06,"Andrea Conner, born on 1939-02-06, currently resides at USS Peterson
FPO AP 93959."
William Lambert,"42602 Ashley Parkways
New Monica, AR 48556",1997-03-22,"William Lambert, born on 1997-03-22, currently resides at 42602 Ashley Parkways
New Monica, AR 48556."
Kevin Hughes,"42243 Herrera Roads Apt. 447
Tuckerton, DC 59758",,"Kevin Hughes, born on nan, currently resides at 42243 Herrera Roads Apt. 447
Tuckerton, DC 59758."
Mrs. Pamela Watson DVM,"35346 Andrew Groves
North Jennifer, ME 59856",1982-07-30,"Mrs. Pamela Watson DVM, born on 1982-07-30, currently resides at 35346 Andrew Groves
North Jennifer, ME 59856."
Phyllis Gibson,"7812 Chris Harbors Suite 954
Jadebury, AK 28985",1967-04-26,"Phyllis Gibson, born on 1967-04-26, currently resides at 7812 Chris Harbors Suite 954
Jadebury, AK 28985."
Michael Macias,"3701 Brandon Ridge
Elizabethtown, DE 80510",1912-01-28,"Michael Macias, born on 1912-01-28, currently resides at 3701 Brandon Ridge
Elizabethtown, DE 80510."
,"09722 Thomas Centers
South Briannafurt, SD 41977",1946-12-03,"nan, born on 1946-12-03, currently resides at 09722 Thomas Centers
South Briannafurt, SD 41977."
Jeffrey Gonzalez,"94257 Harvey Cove Suite 218
Edgarberg, OR 06947",1915-07-14,"Jeffrey Gonzalez, born on 1915-07-14, currently resides at 94257 Harvey Cove Suite 218
Edgarberg, OR 06947."
Michael Smith,"6852 Scott Place Suite 765
Tanyaview, AR 67709",,"Michael Smith, born on nan, currently resides at 6852 Scott Place Suite 765
Tanyaview, AR 67709."
Michael Mason,"46745 Nicole Ridge
East Johnfort, CT 28081",1929-08-07,"Michael Mason, born on 1929-08-07, currently resides at 46745 Nicole Ridge
East Johnfort, CT 28081."
Emily Brady,"4668 Morales Fork Suite 262
West Joseph, MN 60287",1973-09-30,"Emily Brady, born on 1973-09-30, currently resides at 4668 Morales Fork Suite 262
West Joseph, MN 60287."
Jesus Romero,,1959-08-30,"Jesus Romero, born on 1959-08-30, currently resides at nan."
Julie Chen,"848 Carr Throughway Apt. 879
South Bailey, GA 93009",1982-02-18,"Julie Chen, born on 1982-02-18, currently resides at 848 Carr Throughway Apt. 879
South Bailey, GA 93009."
Richard Patel,"0740 Lee Rapids Apt. 880
South Tonya, AR 90970",2015-02-01,"Richard Patel, born on 2015-02-01, currently resides at 0740 Lee Rapids Apt. 880
South Tonya, AR 90970."
Matthew Brown,"299 Joseph Fall
Lake Hannah, TN 28216",1987-11-25,"Matthew Brown, born on 1987-11-25, currently resides at 299 Joseph Fall
Lake Hannah, TN 28216."
Kyle Gonzales,"9339 Bush Trail
Joshuaton, MO 76062",1941-06-12,"Kyle Gonzales, born on 1941-06-12, currently resides at 9339 Bush Trail
Joshuaton, MO 76062."
Gregory Peterson,"969 Alvarez Isle Apt. 537
South Alexis, ID 12361",1960-04-07,"Gregory Peterson, born on 1960-04-07, currently resides at 969 Alvarez Isle Apt. 537
South Alexis, ID 12361."
Dana English,"18867 Jerry Harbors
Juanburgh, KS 73464",1948-09-15,"Dana English, born on 1948-09-15, currently resides at 18867 Jerry Harbors
Juanburgh, KS 73464."
Brenda Obrien,"67283 Troy Locks Apt. 065
Lake John, SD 51099",1927-10-14,"Brenda Obrien, born on 1927-10-14, currently resides at 67283 Troy Locks Apt. 065
Lake John, SD 51099."
Kathleen King,,1935-08-31,"Kathleen King, born on 1935-08-31, currently resides at nan."
Heidi Luna,"786 Mary Shore Suite 412
East Joseph, NM 62738",2006-07-09,"Heidi Luna, born on 2006-07-09, currently resides at 786 Mary Shore Suite 412
East Joseph, NM 62738."
Laura King,"499 Levy Track Apt. 132
North Karen, CT 39676",1949-09-14,"Laura King, born on 1949-09-14, currently resides at 499 Levy Track Apt. 132
North Karen, CT 39676."
Reginald Smith,"23868 Rachel Ferry Apt. 877
East Kristen, KY 06052",1960-08-10,"Reginald Smith, born on 1960-08-10, currently resides at 23868 Rachel Ferry Apt. 877
East Kristen, KY 06052."
Nancy Jones,"Unit 6164 Box 5549
DPO AA 84941",2021-05-18,"Nancy Jones, born on 2021-05-18, currently resides at Unit 6164 Box 5549
DPO AA 84941."
Savannah Cook,"85051 Jason Inlet
Wallacehaven, AL 18271",1939-09-04,"Savannah Cook, born on 1939-09-04, currently resides at 85051 Jason Inlet
Wallacehaven, AL 18271."
Adam Rose,"473 Denise Ford
Rodriguezchester, FL 11357",1917-03-29,"Adam Rose, born on 1917-03-29, currently resides at 473 Denise Ford
Rodriguezchester, FL 11357."
Natalie Morris,"4291 Klein Summit Apt. 549
Lake Christopher, NH 82237",2010-06-19,"Natalie Morris, born on 2010-06-19, currently resides at 4291 Klein Summit Apt. 549
Lake Christopher, NH 82237."
Brian Pierce,"326 Michael Hollow Apt. 943
Lisaland, HI 52279",1980-10-16,"Brian Pierce, born on 1980-10-16, currently resides at 326 Michael Hollow Apt. 943
Lisaland, HI 52279."
Kathryn Wells,,1999-12-21,"Kathryn Wells, born on 1999-12-21, currently resides at nan."
Steven Clark,"1039 Smith Forks
East Jorge, ME 61095",1938-02-21,"Steven Clark, born on 1938-02-21, currently resides at 1039 Smith Forks
East Jorge, ME 61095."
Stacy Marshall,"07939 Hayley Drives Apt. 217
Shanechester, OK 81879",1926-03-13,"Stacy Marshall, born on 1926-03-13, currently resides at 07939 Hayley Drives Apt. 217
Shanechester, OK 81879."
Diana Mcgrath,,1973-03-18,"Diana Mcgrath, born on 1973-03-18, currently resides at nan."
Matthew Bishop,"16134 Ian Trace Apt. 016
Nicoletown, MT 28248",1985-08-10,"Matthew Bishop, born on 1985-08-10, currently resides at 16134 Ian Trace Apt. 016
Nicoletown, MT 28248."
Carla Hicks,"PSC 4745, Box 3666
APO AA 26196",1944-01-18,"Carla Hicks, born on 1944-01-18, currently resides at PSC 4745, Box 3666
APO AA 26196."
Erica Holland,"9647 Singleton Freeway Suite 407
Mooreview, NH 83440",2009-07-05,"Erica Holland, born on 2009-07-05, currently resides at 9647 Singleton Freeway Suite 407
Mooreview, NH 83440."
John Le,"38019 Nelson Key
Douglaschester, MS 53706",1967-09-10,"John Le, born on 1967-09-10, currently resides at 38019 Nelson Key
Douglaschester, MS 53706."
,"59028 Jill Wells Suite 542
Michaelview, MI 45337",1918-04-27,"nan, born on 1918-04-27, currently resides at 59028 Jill Wells Suite 542
Michaelview, MI 45337."
Theodore Mcintosh,"839 Craig Fords
West Corey, MN 80056",1990-10-24,"Theodore Mcintosh, born on 1990-10-24, currently resides at 839 Craig Fords
West Corey, MN 80056."
Jeremy Salinas,"08276 Hester Summit
East Lisa, NY 13336",2005-11-19,"Jeremy Salinas, born on 2005-11-19, currently resides at 08276 Hester Summit
East Lisa, NY 13336."
Robin Marsh,"9834 Alicia Coves
Port Brucefurt, IN 65648",1947-03-19,"Robin Marsh, born on 1947-03-19, currently resides at 9834 Alicia Coves
Port Brucefurt, IN 65648."
Mr. Larry Oconnor,"8694 Mayo Plaza
Lake Ronnie, SC 61676",2018-05-29,"Mr. Larry Oconnor, born on 2018-05-29, currently resides at 8694 Mayo Plaza
Lake Ronnie, SC 61676."
Lori Williams,"4742 David Cove
East Patricia, NE 37557",1932-03-12,"Lori Williams, born on 1932-03-12, currently resides at 4742 David Cove
East Patricia, NE 37557."
Miss Debbie Nelson,"653 Matthew Summit Apt. 356
New Roberto, CO 67951",1943-08-10,"Miss Debbie Nelson, born on 1943-08-10, currently resides at 653 Matthew Summit Apt. 356
New Roberto, CO 67951."
Sonya Petersen,"6533 Jennifer Loop
Randystad, AZ 93149",,"Sonya Petersen, born on nan, currently resides at 6533 Jennifer Loop
Randystad, AZ 93149."
Dustin Campos,"436 Heather Spurs Suite 169
Charlesborough, DC 93533",,"Dustin Campos, born on nan, currently resides at 436 Heather Spurs Suite 169
Charlesborough, DC 93533."
Michael Smith,"862 Jessica Turnpike Apt. 523
Port Denise, MS 15012",,"Michael Smith, born on nan, currently resides at 862 Jessica Turnpike Apt. 523
Port Denise, MS 15012."
James Mcdonald,"Unit 9201 Box 0296
DPO AA 23698",1998-04-09,"James Mcdonald, born on 1998-04-09, currently resides at Unit 9201 Box 0296
DPO AA 23698."
Ashlee Davis,"985 Rachael Hills
Delgadoton, KS 36194",1996-04-01,"Ashlee Davis, born on 1996-04-01, currently resides at 985 Rachael Hills
Delgadoton, KS 36194."
Robert Mitchell,"5644 Rollins Canyon
North Cristinafort, NV 54856",,"Robert Mitchell, born on nan, currently resides at 5644 Rollins Canyon
North Cristinafort, NV 54856."
Jennifer Smith,"USS Davidson
FPO AA 48579",1914-06-03,"Jennifer Smith, born on 1914-06-03, currently resides at USS Davidson
FPO AA 48579."
Laurie Johnson,"586 Robin Wells
East Frederick, AK 75776",1955-06-27,"Laurie Johnson, born on 1955-06-27, currently resides at 586 Robin Wells
East Frederick, AK 75776."
Peter Carroll,"01911 Kevin Rapids Suite 055
South Jodi, AK 79532",1959-06-07,"Peter Carroll, born on 1959-06-07, currently resides at 01911 Kevin Rapids Suite 055
South Jodi, AK 79532."
Jordan Haley,"952 Kimberly Pass Apt. 310
Port Benjamin, WI 44929",1933-07-22,"Jordan Haley, born on 1933-07-22, currently resides at 952 Kimberly Pass Apt. 310
Port Benjamin, WI 44929."
Rachel Wheeler,"490 Tracy Estates
Pagemouth, IL 54273",1990-08-05,"Rachel Wheeler, born on 1990-08-05, currently resides at 490 Tracy Estates
Pagemouth, IL 54273."
Cynthia Mccarty,,1946-10-25,"Cynthia Mccarty, born on 1946-10-25, currently resides at nan."
Nicole Joseph,"3180 Steven Rue
Barnesland, LA 52421",,"Nicole Joseph, born on nan, currently resides at 3180 Steven Rue
Barnesland, LA 52421."
Alexander Murray,,1963-04-15,"Alexander Murray, born on 1963-04-15, currently resides at nan."
Mark Brown,"204 Nicole Park
Johnsonside, WV 67805",2015-09-05,"Mark Brown, born on 2015-09-05, currently resides at 204 Nicole Park
Johnsonside, WV 67805."
Gary Rose,"96252 Green Camp Apt. 350
Brownborough, IL 73103",1980-07-19,"Gary Rose, born on 1980-07-19, currently resides at 96252 Green Camp Apt. 350
Brownborough, IL 73103."
Heather Maddox,"1241 Donald Cove
New Charlesburgh, IA 08341",1948-07-24,"Heather Maddox, born on 1948-07-24, currently resides at 1241 Donald Cove
New Charlesburgh, IA 08341."
James Haynes,"583 Deborah Station Apt. 086
South Carlmouth, OR 49221",1936-06-29,"James Haynes, born on 1936-06-29, currently resides at 583 Deborah Station Apt. 086
South Carlmouth, OR 49221."
,"1531 Jensen Summit Apt. 376
North Paul, OR 86928",1934-09-21,"nan, born on 1934-09-21, currently resides at 1531 Jensen Summit Apt. 376
North Paul, OR 86928."
Charles Jones,"6151 Lopez Well
North Alexis, KS 61221",1966-11-29,"Charles Jones, born on 1966-11-29, currently resides at 6151 Lopez Well
North Alexis, KS 61221."
David Nguyen,"34406 Price Stravenue Apt. 909
Murphychester, IN 92673",1989-09-24,"David Nguyen, born on 1989-09-24, currently resides at 34406 Price Stravenue Apt. 909
Murphychester, IN 92673."
Dean Hendrix,"34119 Thomas Mission
South Ann, RI 27483",,"Dean Hendrix, born on nan, currently resides at 34119 Thomas Mission
South Ann, RI 27483."
Jacob Wells,"11536 Douglas Key Apt. 373
Byrdchester, VA 87684",2000-07-22,"Jacob Wells, born on 2000-07-22, currently resides at 11536 Douglas Key Apt. 373
Byrdchester, VA 87684."
Matthew Jordan,"58881 Sean Corners Apt. 377
South Johnhaven, WV 78792",2009-06-19,"Matthew Jordan, born on 2009-06-19, currently resides at 58881 Sean Corners Apt. 377
South Johnhaven, WV 78792."
Keith Walker,"871 Jennifer Squares Apt. 261
West Briannaside, WI 77068",1923-08-10,"Keith Walker, born on 1923-08-10, currently resides at 871 Jennifer Squares Apt. 261
West Briannaside, WI 77068."
William Wells,"PSC 9565, Box 8874
APO AA 54637",1937-01-27,"William Wells, born on 1937-01-27, currently resides at PSC 9565, Box 8874
APO AA 54637."
Suzanne White,"66431 Parker Drive Suite 721
East Penny, FL 68465",1915-01-25,"Suzanne White, born on 1915-01-25, currently resides at 66431 Parker Drive Suite 721
East Penny, FL 68465."
Jennifer Hall,"10761 Samuel Circles
South Janeshire, NC 92652",1934-08-02,"Jennifer Hall, born on 1934-08-02, currently resides at 10761 Samuel Circles
South Janeshire, NC 92652."
William Manning,"59866 May Well
Hinesville, OH 51665",1947-02-15,"William Manning, born on 1947-02-15, currently resides at 59866 May Well
Hinesville, OH 51665."
Brian Palmer,"3698 Julie Parks Suite 110
Johnside, MO 84688",1912-02-12,"Brian Palmer, born on 1912-02-12, currently resides at 3698 Julie Parks Suite 110
Johnside, MO 84688."
Michelle May,"81651 Williams Crest Apt. 796
Port Denisestad, MI 64768",1920-09-24,"Michelle May, born on 1920-09-24, currently resides at 81651 Williams Crest Apt. 796
Port Denisestad, MI 64768."
Christine Yates,"2037 Garcia Plain Apt. 735
Craigton, WA 94393",1938-08-11,"Christine Yates, born on 1938-08-11, currently resides at 2037 Garcia Plain Apt. 735
Craigton, WA 94393."
Kirk Hernandez,"7594 Fry Crossroad
Luisport, VT 46468",1915-09-15,"Kirk Hernandez, born on 1915-09-15, currently resides at 7594 Fry Crossroad
Luisport, VT 46468."
Michael Mccarthy,"054 Amy Street
Peterbury, TX 51998",2013-11-05,"Michael Mccarthy, born on 2013-11-05, currently resides at 054 Amy Street
Peterbury, TX 51998."
Jennifer Howell,"695 Rocha Vista
Leonview, KY 15717",1932-05-07,"Jennifer Howell, born on 1932-05-07, currently resides at 695 Rocha Vista
Leonview, KY 15717."
Crystal Ramirez,"7424 Owens Mission
Jonesborough, TN 84635",1936-11-25,"Crystal Ramirez, born on 1936-11-25, currently resides at 7424 Owens Mission
Jonesborough, TN 84635."
Kimberly Ballard,"359 Hannah Road
Taylorstad, KY 88350",2013-06-09,"Kimberly Ballard, born on 2013-06-09, currently resides at 359 Hannah Road
Taylorstad, KY 88350."
Kimberly Hanson,"054 Sarah Forges
Johnsontown, DE 42968",2009-07-24,"Kimberly Hanson, born on 2009-07-24, currently resides at 054 Sarah Forges
Johnsontown, DE 42968."
Wendy Cox,"Unit 9697 Box 5915
DPO AP 42196",1937-06-05,"Wendy Cox, born on 1937-06-05, currently resides at Unit 9697 Box 5915
DPO AP 42196."
Eugene Porter,"72107 Buck Circle
Lake Louis, DC 63113",1991-09-06,"Eugene Porter, born on 1991-09-06, currently resides at 72107 Buck Circle
Lake Louis, DC 63113."
Cheryl Douglas,"597 Mary Port Suite 251
Connerburgh, IL 09334",1972-01-16,"Cheryl Douglas, born on 1972-01-16, currently resides at 597 Mary Port Suite 251
Connerburgh, IL 09334."
Valerie Turner,"92543 Williams Turnpike Suite 909
Garciahaven, MD 45041",1934-07-09,"Valerie Turner, born on 1934-07-09, currently resides at 92543 Williams Turnpike Suite 909
Garciahaven, MD 45041."
Kevin Douglas,"58896 Richmond Junctions
Evansmouth, CA 64373",2003-08-03,"Kevin Douglas, born on 2003-08-03, currently resides at 58896 Richmond Junctions
Evansmouth, CA 64373."
Allison Davila,,2015-10-10,"Allison Davila, born on 2015-10-10, currently resides at nan."
Cesar Smith,"4947 Suarez Locks
Port Douglasmouth, ME 94746",1922-03-09,"Cesar Smith, born on 1922-03-09, currently resides at 4947 Suarez Locks
Port Douglasmouth, ME 94746."
Lauren Love,"941 Nancy Crossroad
Kathleenshire, KS 02312",,"Lauren Love, born on nan, currently resides at 941 Nancy Crossroad
Kathleenshire, KS 02312."
Brandy Clark,,1923-12-22,"Brandy Clark, born on 1923-12-22, currently resides at nan."
David Bates,"3608 Martin Ways
Martinezside, GA 19552",,"David Bates, born on nan, currently resides at 3608 Martin Ways
Martinezside, GA 19552."
Jeffrey Hartman,"12720 Shannon View
Lake Jessestad, ND 50443",2017-08-23,"Jeffrey Hartman, born on 2017-08-23, currently resides at 12720 Shannon View
Lake Jessestad, ND 50443."
Michael Santos,"3590 Dawson Forges
Morrisonton, OH 83986",2014-03-12,"Michael Santos, born on 2014-03-12, currently resides at 3590 Dawson Forges
Morrisonton, OH 83986."
Paul Lee,"9796 Michelle Summit Suite 303
Jessicatown, ND 37780",1931-01-13,"Paul Lee, born on 1931-01-13, currently resides at 9796 Michelle Summit Suite 303
Jessicatown, ND 37780."
Jason Ramos,"73428 Amanda Valley
Barbaraport, GA 37754",1968-02-04,"Jason Ramos, born on 1968-02-04, currently resides at 73428 Amanda Valley
Barbaraport, GA 37754."
Mark Cruz,"5363 John Flats Apt. 221
Sandersville, VT 70153",,"Mark Cruz, born on nan, currently resides at 5363 John Flats Apt. 221
Sandersville, VT 70153."
Patricia Dillon,"881 Michael Port Apt. 849
South Adrienneview, VT 92514",1999-07-07,"Patricia Dillon, born on 1999-07-07, currently resides at 881 Michael Port Apt. 849
South Adrienneview, VT 92514."
Glenn Blair,"42748 Belinda Track Suite 089
Port Karlafort, WI 81739",2013-02-01,"Glenn Blair, born on 2013-02-01, currently resides at 42748 Belinda Track Suite 089
Port Karlafort, WI 81739."
Brendan Morrison,"USCGC Coleman
FPO AE 57096",1912-02-03,"Brendan Morrison, born on 1912-02-03, currently resides at USCGC Coleman
FPO AE 57096."
Nicholas Le,"378 Mcguire Wells
Starkton, CA 23700",1942-02-22,"Nicholas Le, born on 1942-02-22, currently resides at 378 Mcguire Wells
Starkton, CA 23700."
Eric Brown,"404 Mccoy Track Apt. 481
Williamhaven, GA 35761",1915-10-28,"Eric Brown, born on 1915-10-28, currently resides at 404 Mccoy Track Apt. 481
Williamhaven, GA 35761."
Denise Roberson,"210 Katie Pike
North Amanda, MO 78582",1922-10-16,"Denise Roberson, born on 1922-10-16, currently resides at 210 Katie Pike
North Amanda, MO 78582."
Abigail Palmer,"68924 Carrillo Plains Suite 230
North George, RI 77756",1937-12-02,"Abigail Palmer, born on 1937-12-02, currently resides at 68924 Carrillo Plains Suite 230
North George, RI 77756."
Sarah Evans,"070 Curtis Loop
Lisachester, NY 09907",2021-04-08,"Sarah Evans, born on 2021-04-08, currently resides at 070 Curtis Loop
Lisachester, NY 09907."
Catherine Krueger,"5731 Gilbert Lane
North Kevinport, OH 13775",1981-03-15,"Catherine Krueger, born on 1981-03-15, currently resides at 5731 Gilbert Lane
North Kevinport, OH 13775."
Trevor Martinez,"9022 David Ramp
Stevenland, TX 11655",1957-05-28,"Trevor Martinez, born on 1957-05-28, currently resides at 9022 David Ramp
Stevenland, TX 11655."
Zachary Lloyd,"Unit 3991 Box 7595
DPO AE 08079",1944-08-21,"Zachary Lloyd, born on 1944-08-21, currently resides at Unit 3991 Box 7595
DPO AE 08079."
Kaitlyn Howell,"2526 Jackie Ville Suite 982
Bullockmouth, OK 68390",1965-11-03,"Kaitlyn Howell, born on 1965-11-03, currently resides at 2526 Jackie Ville Suite 982
Bullockmouth, OK 68390."
Thomas Jackson,"60731 Derek Gateway Apt. 578
West Kaylachester, AZ 13539",1975-02-15,"Thomas Jackson, born on 1975-02-15, currently resides at 60731 Derek Gateway Apt. 578
West Kaylachester, AZ 13539."
Michele Ferguson,"255 Gail Mountain
Becktown, IN 13388",1913-07-23,"Michele Ferguson, born on 1913-07-23, currently resides at 255 Gail Mountain
Becktown, IN 13388."
Kenneth Martin,"95813 Kathryn Inlet Apt. 287
Lake Nicholas, TN 26378",1986-03-04,"Kenneth Martin, born on 1986-03-04, currently resides at 95813 Kathryn Inlet Apt. 287
Lake Nicholas, TN 26378."
Brooke Palmer,"199 Hahn Inlet Apt. 375
Davidfort, MT 80899",1918-03-17,"Brooke Palmer, born on 1918-03-17, currently resides at 199 Hahn Inlet Apt. 375
Davidfort, MT 80899."
Anna Harrington,"24442 Tonya Curve Suite 238
Port Jackbury, NC 03262",1922-04-24,"Anna Harrington, born on 1922-04-24, currently resides at 24442 Tonya Curve Suite 238
Port Jackbury, NC 03262."
Brian Combs,"71943 Frederick Street Apt. 153
Martinezside, IL 48692",1923-04-23,"Brian Combs, born on 1923-04-23, currently resides at 71943 Frederick Street Apt. 153
Martinezside, IL 48692."
Derek Sanchez,"PSC 6719, Box 3568
APO AE 97383",1985-05-25,"Derek Sanchez, born on 1985-05-25, currently resides at PSC 6719, Box 3568
APO AE 97383."
Daniel Leonard,"6239 William Villages
Patriciaside, VA 82872",1947-11-12,"Daniel Leonard, born on 1947-11-12, currently resides at 6239 William Villages
Patriciaside, VA 82872."
Dr. Benjamin Roman DVM,"766 Andrew Alley Suite 846
North Matthewbury, DE 35952",,"Dr. Benjamin Roman DVM, born on nan, currently resides at 766 Andrew Alley Suite 846
North Matthewbury, DE 35952."
Danny Glover,"348 Miranda Dale Apt. 606
Bakerville, NV 61065",1980-11-25,"Danny Glover, born on 1980-11-25, currently resides at 348 Miranda Dale Apt. 606
Bakerville, NV 61065."
Henry Reed,"8443 Patterson Green
Calderontown, ND 93436",1916-08-27,"Henry Reed, born on 1916-08-27, currently resides at 8443 Patterson Green
Calderontown, ND 93436."
,"PSC 1986, Box 9598
APO AP 60338",1972-11-04,"nan, born on 1972-11-04, currently resides at PSC 1986, Box 9598
APO AP 60338."
Heather Prince,"85488 John Forest Apt. 998
Sarahville, AZ 96269",1970-08-04,"Heather Prince, born on 1970-08-04, currently resides at 85488 John Forest Apt. 998
Sarahville, AZ 96269."
Elizabeth Peterson,"05604 Robert Path
Laurieburgh, NC 51729",1954-10-02,"Elizabeth Peterson, born on 1954-10-02, currently resides at 05604 Robert Path
Laurieburgh, NC 51729."
Yolanda Montoya MD,"4462 Thompson Meadow Suite 154
South Michael, CT 06055",1939-06-14,"Yolanda Montoya MD, born on 1939-06-14, currently resides at 4462 Thompson Meadow Suite 154
South Michael, CT 06055."
Andrew Dodson,"826 Rogers Well Suite 744
Port Brianna, OK 07565",1985-06-29,"Andrew Dodson, born on 1985-06-29, currently resides at 826 Rogers Well Suite 744
Port Brianna, OK 07565."
Alexis Harris,"572 Patricia Pine Apt. 162
East Kylefurt, IA 13882",1927-09-07,"Alexis Harris, born on 1927-09-07, currently resides at 572 Patricia Pine Apt. 162
East Kylefurt, IA 13882."
Shannon Whitehead,"Unit 9844 Box 3933
DPO AA 09367",2021-05-22,"Shannon Whitehead, born on 2021-05-22, currently resides at Unit 9844 Box 3933
DPO AA 09367."
Elizabeth Johnson,"05066 Everett Grove
Leechester, DC 90809",1977-01-01,"Elizabeth Johnson, born on 1977-01-01, currently resides at 05066 Everett Grove
Leechester, DC 90809."
Paul Gray,"9162 Marcus Avenue
Fullerbury, MS 21233",1916-06-04,"Paul Gray, born on 1916-06-04, currently resides at 9162 Marcus Avenue
Fullerbury, MS 21233."
Allen Robinson,"985 Jones Mount
Lake David, FL 61104",2012-01-21,"Allen Robinson, born on 2012-01-21, currently resides at 985 Jones Mount
Lake David, FL 61104."
Alexander Murphy,"60401 Stephen Ridges
Santiagotown, ND 01893",1964-11-29,"Alexander Murphy, born on 1964-11-29, currently resides at 60401 Stephen Ridges
Santiagotown, ND 01893."
Courtney Gilbert,"43369 Kelly Plains Suite 442
Port Jessica, SC 97463",1992-10-29,"Courtney Gilbert, born on 1992-10-29, currently resides at 43369 Kelly Plains Suite 442
Port Jessica, SC 97463."
John Lee,,1979-02-20,"John Lee, born on 1979-02-20, currently resides at nan."
Hunter Dixon,"83255 Khan Ville
Morrisburgh, OR 60057",1971-09-19,"Hunter Dixon, born on 1971-09-19, currently resides at 83255 Khan Ville
Morrisburgh, OR 60057."
Kevin Simmons,"48800 Abigail Square Apt. 972
Alexisburgh, AZ 54343",1933-06-09,"Kevin Simmons, born on 1933-06-09, currently resides at 48800 Abigail Square Apt. 972
Alexisburgh, AZ 54343."
Anna Guzman,"26321 Choi Stravenue Apt. 512
Englishshire, OH 98014",2005-07-06,"Anna Guzman, born on 2005-07-06, currently resides at 26321 Choi Stravenue Apt. 512
Englishshire, OH 98014."
Jennifer Strickland,"227 Yvonne Viaduct Suite 707
Bartonfurt, CA 91442",1979-12-16,"Jennifer Strickland, born on 1979-12-16, currently resides at 227 Yvonne Viaduct Suite 707
Bartonfurt, CA 91442."
Jennifer Scott,"13685 Veronica Creek
Lisabury, VA 47099",1994-06-24,"Jennifer Scott, born on 1994-06-24, currently resides at 13685 Veronica Creek
Lisabury, VA 47099."
Victor Bryant,"Unit 2522 Box 4310
DPO AE 06560",1950-05-21,"Victor Bryant, born on 1950-05-21, currently resides at Unit 2522 Box 4310
DPO AE 06560."
Todd Davis,"PSC 2934, Box 1870
APO AE 03564",1925-07-13,"Todd Davis, born on 1925-07-13, currently resides at PSC 2934, Box 1870
APO AE 03564."
Anna Mcdaniel,"241 Turner Stream Apt. 584
Youngshire, MT 88971",1946-12-23,"Anna Mcdaniel, born on 1946-12-23, currently resides at 241 Turner Stream Apt. 584
Youngshire, MT 88971."
Matthew Tran,"3124 Maurice Skyway
North Amber, TN 58086",1912-05-20,"Matthew Tran, born on 1912-05-20, currently resides at 3124 Maurice Skyway
North Amber, TN 58086."
Mark Glass,"328 Hernandez Path Suite 454
Susantown, NY 06068",2001-05-09,"Mark Glass, born on 2001-05-09, currently resides at 328 Hernandez Path Suite 454
Susantown, NY 06068."
Manuel Clements,"4485 Smith Forges Suite 318
North Natalieport, WY 88651",1925-12-20,"Manuel Clements, born on 1925-12-20, currently resides at 4485 Smith Forges Suite 318
North Natalieport, WY 88651."
Susan Morgan,"533 Jenna Crescent
Lake Tiffany, DE 27330",1908-10-25,"Susan Morgan, born on 1908-10-25, currently resides at 533 Jenna Crescent
Lake Tiffany, DE 27330."
John Wilson,"186 Jerry Court Apt. 643
West Patricia, WV 58678",1948-10-31,"John Wilson, born on 1948-10-31, currently resides at 186 Jerry Court Apt. 643
West Patricia, WV 58678."
Melanie Carpenter,"833 Sandra Center
Kellyshire, ND 64706",1943-10-18,"Melanie Carpenter, born on 1943-10-18, currently resides at 833 Sandra Center
Kellyshire, ND 64706."
Natasha Petersen,"63133 Louis Parkways
East Josetown, VT 53455",1959-12-13,"Natasha Petersen, born on 1959-12-13, currently resides at 63133 Louis Parkways
East Josetown, VT 53455."
Joshua Henry,"8701 Berry Alley Suite 216
Dianaside, OK 35202",1999-11-20,"Joshua Henry, born on 1999-11-20, currently resides at 8701 Berry Alley Suite 216
Dianaside, OK 35202."
Laura Daugherty,"26882 Steven Camp
New Dana, DE 53646",1948-09-12,"Laura Daugherty, born on 1948-09-12, currently resides at 26882 Steven Camp
New Dana, DE 53646."
Julie Barton,"093 Daniel Via Apt. 077
Brownview, KS 04850",1926-10-11,"Julie Barton, born on 1926-10-11, currently resides at 093 Daniel Via Apt. 077
Brownview, KS 04850."
Tara Young,"47945 Fisher Curve Suite 340
Jamesborough, SC 27836",1991-11-10,"Tara Young, born on 1991-11-10, currently resides at 47945 Fisher Curve Suite 340
Jamesborough, SC 27836."
,"44618 Miller Mount Suite 023
North Douglas, IL 20194",1983-02-11,"nan, born on 1983-02-11, currently resides at 44618 Miller Mount Suite 023
North Douglas, IL 20194."
Blake Rodriguez,"Unit 9640 Box 5483
DPO AE 83217",2017-08-22,"Blake Rodriguez, born on 2017-08-22, currently resides at Unit 9640 Box 5483
DPO AE 83217."
Kristi Jordan,"897 Young Island Suite 433
Floresburgh, NE 92751",1919-02-13,"Kristi Jordan, born on 1919-02-13, currently resides at 897 Young Island Suite 433
Floresburgh, NE 92751."
Robert Rogers,"180 Carter Lights
South Sarachester, TN 95648",2020-02-06,"Robert Rogers, born on 2020-02-06, currently resides at 180 Carter Lights
South Sarachester, TN 95648."
Mark Mccarthy,"3156 Charles Drive
Nathanielview, SC 31445",2016-07-14,"Mark Mccarthy, born on 2016-07-14, currently resides at 3156 Charles Drive
Nathanielview, SC 31445."
Thomas Macdonald,"1916 Jon Plaza
Kochland, TX 20986",1975-09-23,"Thomas Macdonald, born on 1975-09-23, currently resides at 1916 Jon Plaza
Kochland, TX 20986."
Katherine Jackson,"1876 Jennifer Islands Apt. 116
Lake Brian, WY 27680",1968-11-22,"Katherine Jackson, born on 1968-11-22, currently resides at 1876 Jennifer Islands Apt. 116
Lake Brian, WY 27680."
Kathleen Mcdaniel,"87632 Thomas Corners Apt. 362
Martinberg, SC 96211",1966-07-01,"Kathleen Mcdaniel, born on 1966-07-01, currently resides at 87632 Thomas Corners Apt. 362
Martinberg, SC 96211."
Shane Jones,"37394 Barry Lakes Apt. 739
Port Lesliebury, DE 99638",2023-08-11,"Shane Jones, born on 2023-08-11, currently resides at 37394 Barry Lakes Apt. 739
Port Lesliebury, DE 99638."
Colton Oneal,"08111 John Neck
Johnborough, SD 55247",2012-08-21,"Colton Oneal, born on 2012-08-21, currently resides at 08111 John Neck
Johnborough, SD 55247."
Courtney Colon,"PSC 1358, Box 0794
APO AE 16440",1936-09-13,"Courtney Colon, born on 1936-09-13, currently resides at PSC 1358, Box 0794
APO AE 16440."
Robert Brown,"50441 Marcus Gardens Apt. 065
New Maryside, NV 84931",1939-04-01,"Robert Brown, born on 1939-04-01, currently resides at 50441 Marcus Gardens Apt. 065
New Maryside, NV 84931."
Stephanie Barnett,"96232 Richard Fords
Stephaniemouth, OR 35827",1928-10-31,"Stephanie Barnett, born on 1928-10-31, currently resides at 96232 Richard Fords
Stephaniemouth, OR 35827."
Mark Brown,"8314 Glenn Cape
Sancheztown, TX 47760",1966-11-18,"Mark Brown, born on 1966-11-18, currently resides at 8314 Glenn Cape
Sancheztown, TX 47760."
Melissa Carson,"18719 Christine Divide Apt. 017
Port Michael, VA 41036",1908-02-09,"Melissa Carson, born on 1908-02-09, currently resides at 18719 Christine Divide Apt. 017
Port Michael, VA 41036."
,"8903 William Bypass
Lake Deanna, IL 82682",1936-03-23,"nan, born on 1936-03-23, currently resides at 8903 William Bypass
Lake Deanna, IL 82682."
Emily Kelley,"7039 Jason Streets
Crystalburgh, SD 23520",1979-08-12,"Emily Kelley, born on 1979-08-12, currently resides at 7039 Jason Streets
Crystalburgh, SD 23520."
Andrew Richardson,"3877 Bates Knoll Apt. 307
Taraport, KS 22426",1985-04-13,"Andrew Richardson, born on 1985-04-13, currently resides at 3877 Bates Knoll Apt. 307
Taraport, KS 22426."
Heather Olson,"70705 Laura Park
West Gene, OH 93112",1989-09-02,"Heather Olson, born on 1989-09-02, currently resides at 70705 Laura Park
West Gene, OH 93112."
Lonnie Henry,"84501 Thomas Circles Suite 747
North Adammouth, ND 02268",1928-01-23,"Lonnie Henry, born on 1928-01-23, currently resides at 84501 Thomas Circles Suite 747
North Adammouth, ND 02268."
Erin Davis,"7846 Anna Mount Suite 015
East Timothyburgh, AR 15066",1991-05-06,"Erin Davis, born on 1991-05-06, currently resides at 7846 Anna Mount Suite 015
East Timothyburgh, AR 15066."
Jon Serrano,"36076 Myers Springs Suite 574
West Julie, OK 75980",1960-10-06,"Jon Serrano, born on 1960-10-06, currently resides at 36076 Myers Springs Suite 574
West Julie, OK 75980."
Karen Hoffman,"43138 Maria Orchard
Edwinbury, OH 85507",1941-07-22,"Karen Hoffman, born on 1941-07-22, currently resides at 43138 Maria Orchard
Edwinbury, OH 85507."
Johnathan Scott,"790 Brett Estates Suite 654
Matthewberg, OR 09838",1922-07-31,"Johnathan Scott, born on 1922-07-31, currently resides at 790 Brett Estates Suite 654
Matthewberg, OR 09838."
Amanda Dougherty,"685 Burke Alley Apt. 136
North Lisamouth, WY 04941",,"Amanda Dougherty, born on nan, currently resides at 685 Burke Alley Apt. 136
North Lisamouth, WY 04941."
Erica Bradford,"53389 Richard Junction Suite 993
North Nancy, MT 27973",1937-12-24,"Erica Bradford, born on 1937-12-24, currently resides at 53389 Richard Junction Suite 993
North Nancy, MT 27973."
Brian Palmer,"3698 Julie Parks Suite 110
Johnside, MO 84688",1912-02-12,"Brian Palmer, born on 1912-02-12, currently resides at 3698 Julie Parks Suite 110
Johnside, MO 84688."
Charles Jones,"6151 Lopez Well
North Alexis, KS 61221",1966-11-29,"Charles Jones, born on 1966-11-29, currently resides at 6151 Lopez Well
North Alexis, KS 61221."
Amy Garcia,"0993 William Junction Suite 118
Port Shaneside, NV 47265",1944-01-04,"Amy Garcia, born on 1944-01-04, currently resides at 0993 William Junction Suite 118
Port Shaneside, NV 47265."
Patrick Lester,"2005 Jonathan Springs Suite 316
Port Jimstad, MS 95356",2023-01-05,"Patrick Lester, born on 2023-01-05, currently resides at 2005 Jonathan Springs Suite 316
Port Jimstad, MS 95356."
John Wilson,"186 Jerry Court Apt. 643
West Patricia, WV 58678",1948-10-31,"John Wilson, born on 1948-10-31, currently resides at 186 Jerry Court Apt. 643
West Patricia, WV 58678."
Dean Hendrix,"34119 Thomas Mission
South Ann, RI 27483",,"Dean Hendrix, born on nan, currently resides at 34119 Thomas Mission
South Ann, RI 27483."
David Nelson,"71513 Chen Summit Suite 639
Joshuashire, MI 99696",1914-12-15,"David Nelson, born on 1914-12-15, currently resides at 71513 Chen Summit Suite 639
Joshuashire, MI 99696."
Henry Reed,"8443 Patterson Green
Calderontown, ND 93436",1916-08-27,"Henry Reed, born on 1916-08-27, currently resides at 8443 Patterson Green
Calderontown, ND 93436."
Tiffany Mcdonald,"901 Stacey Mall Suite 152
Port Matthew, OR 36879",1917-10-26,"Tiffany Mcdonald, born on 1917-10-26, currently resides at 901 Stacey Mall Suite 152
Port Matthew, OR 36879."
Christine Yates,"2037 Garcia Plain Apt. 735
Craigton, WA 94393",1938-08-11,"Christine Yates, born on 1938-08-11, currently resides at 2037 Garcia Plain Apt. 735
Craigton, WA 94393."
Eric Warren,"596 Jeffrey Landing Apt. 488
New Alexandriaberg, AZ 88040",1998-09-12,"Eric Warren, born on 1998-09-12, currently resides at 596 Jeffrey Landing Apt. 488
New Alexandriaberg, AZ 88040."
Johnny Wilson,"1461 Lisa Oval
Meganport, WI 92270",2019-02-22,"Johnny Wilson, born on 2019-02-22, currently resides at 1461 Lisa Oval
Meganport, WI 92270."
Charles Hood,"8893 Rodriguez Wall Apt. 892
Melindafort, ID 39330",1915-01-16,"Charles Hood, born on 1915-01-16, currently resides at 8893 Rodriguez Wall Apt. 892
Melindafort, ID 39330."
Alan Holder,"5359 Edwards Landing Apt. 638
Grahambury, CT 21397",1998-05-07,"Alan Holder, born on 1998-05-07, currently resides at 5359 Edwards Landing Apt. 638
Grahambury, CT 21397."
Judy Smith,"9377 Stephanie Centers
Lake Bradleyborough, CA 96247",1932-10-03,"Judy Smith, born on 1932-10-03, currently resides at 9377 Stephanie Centers
Lake Bradleyborough, CA 96247."
Brandy Clark,,1923-12-22,"Brandy Clark, born on 1923-12-22, currently resides at nan."
Christopher Lewis,"38496 Richardson Cliffs Suite 704
Christopherburgh, AL 08098",2019-02-26,"Christopher Lewis, born on 2019-02-26, currently resides at 38496 Richardson Cliffs Suite 704
Christopherburgh, AL 08098."
Steven Clark,"1039 Smith Forks
East Jorge, ME 61095",1938-02-21,"Steven Clark, born on 1938-02-21, currently resides at 1039 Smith Forks
East Jorge, ME 61095."
Jessica Curtis,"22541 Sullivan Locks
Nathanielburgh, DC 41734",1946-06-12,"Jessica Curtis, born on 1946-06-12, currently resides at 22541 Sullivan Locks
Nathanielburgh, DC 41734."
Todd Davis,"PSC 2934, Box 1870
APO AE 03564",1925-07-13,"Todd Davis, born on 1925-07-13, currently resides at PSC 2934, Box 1870
APO AE 03564."
Lisa Reid,"3574 Cynthia Crossroad
Curtisview, DE 06496",1977-06-28,"Lisa Reid, born on 1977-06-28, currently resides at 3574 Cynthia Crossroad
Curtisview, DE 06496."
James George,"5817 Gary Street
Riveraburgh, NM 68265",2000-08-17,"James George, born on 2000-08-17, currently resides at 5817 Gary Street
Riveraburgh, NM 68265."
Jill Miller,"Unit 4475 Box 5592
DPO AP 58479",1941-04-16,"Jill Miller, born on 1941-04-16, currently resides at Unit 4475 Box 5592
DPO AP 58479."
Jack Peck,"Unit 5163 Box 1214
DPO AA 41866",2017-03-21,"Jack Peck, born on 2017-03-21, currently resides at Unit 5163 Box 1214
DPO AA 41866."
Leonard Fitzgerald,"8631 Alicia Route Apt. 336
Port Patrickmouth, GA 15084",1980-05-18,"Leonard Fitzgerald, born on 1980-05-18, currently resides at 8631 Alicia Route Apt. 336
Port Patrickmouth, GA 15084."
Mr. Blake Bryant,"10377 Murillo Shore
East Jason, NE 78071",2015-06-24,"Mr. Blake Bryant, born on 2015-06-24, currently resides at 10377 Murillo Shore
East Jason, NE 78071."
Keith Walker,"871 Jennifer Squares Apt. 261
West Briannaside, WI 77068",1923-08-10,"Keith Walker, born on 1923-08-10, currently resides at 871 Jennifer Squares Apt. 261
West Briannaside, WI 77068."
Heather Prince,"85488 John Forest Apt. 998
Sarahville, AZ 96269",1970-08-04,"Heather Prince, born on 1970-08-04, currently resides at 85488 John Forest Apt. 998
Sarahville, AZ 96269."
Cindy Stone,"USCGC Nguyen
FPO AE 95493",1909-12-30,"Cindy Stone, born on 1909-12-30, currently resides at USCGC Nguyen
FPO AE 95493."
Robert Lucas,"1002 Hines Mountain
Ronaldton, HI 07280",1986-09-10,"Robert Lucas, born on 1986-09-10, currently resides at 1002 Hines Mountain
Ronaldton, HI 07280."
Debra Morris,"5163 Hawkins Knolls
Victoriatown, CT 23221",1978-07-31,"Debra Morris, born on 1978-07-31, currently resides at 5163 Hawkins Knolls
Victoriatown, CT 23221."
Yolanda Montoya MD,"4462 Thompson Meadow Suite 154
South Michael, CT 06055",1939-06-14,"Yolanda Montoya MD, born on 1939-06-14, currently resides at 4462 Thompson Meadow Suite 154
South Michael, CT 06055."
Elaine Wiggins,"96693 Tracie Ranch Apt. 488
Thomasborough, LA 70326",1957-06-09,"Elaine Wiggins, born on 1957-06-09, currently resides at 96693 Tracie Ranch Apt. 488
Thomasborough, LA 70326."
Michael Williams,"2700 Brown Crescent
North Robertton, AZ 42957",1943-09-20,"Michael Williams, born on 1943-09-20, currently resides at 2700 Brown Crescent
North Robertton, AZ 42957."
Michael Mccarthy,"054 Amy Street
Peterbury, TX 51998",2013-11-05,"Michael Mccarthy, born on 2013-11-05, currently resides at 054 Amy Street
Peterbury, TX 51998."
Alexander Murphy,"60401 Stephen Ridges
Santiagotown, ND 01893",1964-11-29,"Alexander Murphy, born on 1964-11-29, currently resides at 60401 Stephen Ridges
Santiagotown, ND 01893."
Danny Glover,"348 Miranda Dale Apt. 606
Bakerville, NV 61065",1980-11-25,"Danny Glover, born on 1980-11-25, currently resides at 348 Miranda Dale Apt. 606
Bakerville, NV 61065."
Rick Barnes,"3921 Anthony Views Apt. 034
Perryport, WV 33851",,"Rick Barnes, born on nan, currently resides at 3921 Anthony Views Apt. 034
Perryport, WV 33851."
James Rodriguez,,1942-12-31,"James Rodriguez, born on 1942-12-31, currently resides at nan."
Joel Collier,"PSC 1488, Box 5898
APO AE 04212",,"Joel Collier, born on nan, currently resides at PSC 1488, Box 5898
APO AE 04212."
Valerie Kelly,,1977-08-31,"Valerie Kelly, born on 1977-08-31, currently resides at nan."
Julie Chen,"848 Carr Throughway Apt. 879
South Bailey, GA 93009",1982-02-18,"Julie Chen, born on 1982-02-18, currently resides at 848 Carr Throughway Apt. 879
South Bailey, GA 93009."
Laurie Johnson,"586 Robin Wells
East Frederick, AK 75776",1955-06-27,"Laurie Johnson, born on 1955-06-27, currently resides at 586 Robin Wells
East Frederick, AK 75776."
Jessica Norris,"6703 Jason Burgs Suite 913
West Barbara, AR 91213",1945-08-13,"Jessica Norris, born on 1945-08-13, currently resides at 6703 Jason Burgs Suite 913
West Barbara, AR 91213."
Johnathan Scott,"790 Brett Estates Suite 654
Matthewberg, OR 09838",1922-07-31,"Johnathan Scott, born on 1922-07-31, currently resides at 790 Brett Estates Suite 654
Matthewberg, OR 09838."
Heather Torres,"16235 Zuniga Crossing
Wilsonborough, IN 70360",1983-11-22,"Heather Torres, born on 1983-11-22, currently resides at 16235 Zuniga Crossing
Wilsonborough, IN 70360."
Catherine Thomas,"542 Julia Knolls
Jasontown, SD 73470",1995-10-25,"Catherine Thomas, born on 1995-10-25, currently resides at 542 Julia Knolls
Jasontown, SD 73470."
Denise Anderson,"49310 Patterson Light Suite 070
South Anitahaven, ME 25774",1965-06-07,"Denise Anderson, born on 1965-06-07, currently resides at 49310 Patterson Light Suite 070
South Anitahaven, ME 25774."
Sarah Evans,"070 Curtis Loop
Lisachester, NY 09907",2021-04-08,"Sarah Evans, born on 2021-04-08, currently resides at 070 Curtis Loop
Lisachester, NY 09907."
